Ticker,Name,Sector,Asset Class,Market Value,Weight (%),Notional Value,Quantity,Price,Location,Exchange,Currency,FX Rate,Market Currency,Accrual Date
"MOGA","MOOG INC CLASS A","Industrials","Equity","321,345,671.92","0.39","321,345,671.92","734,152.00","437.71","United States","NYSE","USD","1.00","USD","-"
"UMBF","UMB FINANCIAL CORP","Financials","Equity","287,155,157.54","0.35","287,155,157.54","1,914,623.00","149.98","United States","NASDAQ","USD","1.00","USD","-"
"GKOS","GLAUKOS","Health Care","Equity","271,557,718.25","0.33","271,557,718.25","1,474,655.00","184.15","United States","NYSE","USD","1.00","USD","-"
"EAT","BRINKER INTERNATIONAL INC","Consumer Discretionary","Equity","261,963,385.95","0.32","261,963,385.95","1,111,663.00","235.65","United States","NYSE","USD","1.00","USD","-"
"CYTK","CYTOKINETICS","Health Care","Equity","257,182,309.10","0.31","257,182,309.10","3,379,531.00","76.10","United States","NASDAQ","USD","1.00","USD","-"
"FROG","JFROG LTD","Information Technology","Equity","256,282,052.40","0.31","256,282,052.40","2,797,839.00","91.60","United States","NASDAQ","USD","1.00","USD","-"
"BTSG","BRIGHTSPRING HEALTH SERVICES INC","Health Care","Equity","249,227,709.50","0.30","249,227,709.50","4,188,701.00","59.50","United States","NASDAQ","USD","1.00","USD","-"
"PTGX","PROTAGONIST THERAPEUTICS","Health Care","Equity","247,713,106.54","0.30","247,713,106.54","1,574,381.00","157.34","United States","NASDAQ","USD","1.00","USD","-"
"VSAT","VIASAT INC","Information Technology","Equity","247,422,391.34","0.30","247,422,391.34","3,252,562.00","76.07","United States","NASDAQ","USD","1.00","USD","-"
"ONB","OLD NATIONAL BANCORP","Financials","Equity","242,454,011.34","0.30","242,454,011.34","9,094,299.00","26.66","United States","NASDAQ","USD","1.00","USD","-"
"PRAX","PRAXIS PRECISION MEDICINES","Health Care","Equity","239,026,482.48","0.29","239,026,482.48","646,297.00","369.84","United States","NASDAQ","USD","1.00","USD","-"
"CTRE","CARETRUST REIT","Real Estate","Equity","228,687,957.60","0.28","228,687,957.60","5,819,032.00","39.30","United States","NYSE","USD","1.00","USD","-"
"COMP","COMPASS INC CLASS A","Real Estate","Equity","226,799,884.50","0.28","226,799,884.50","18,439,015.00","12.30","United States","NYSE","USD","1.00","USD","-"
"FCFS","FIRSTCASH HOLDINGS INC","Financials","Equity","226,099,433.78","0.28","226,099,433.78","1,062,797.00","212.74","United States","NASDAQ","USD","1.00","USD","-"
"IDCC","INTERDIGITAL INC","Information Technology","Equity","224,648,933.12","0.27","224,648,933.12","669,056.00","335.77","United States","NASDAQ","USD","1.00","USD","-"
"CRNX","CRINETICS PHARMACEUTICALS","Health Care","Equity","224,419,637.04","0.27","224,419,637.04","2,648,957.00","84.72","United States","NASDAQ","USD","1.00","USD","-"
"HQY","HEALTHEQUITY","Health Care","Equity","224,161,862.25","0.27","224,161,862.25","2,180,775.00","102.79","United States","NASDAQ","USD","1.00","USD","-"
"KRYS","KRYSTAL BIOTECH","Health Care","Equity","222,078,138.84","0.27","222,078,138.84","667,262.00","332.82","United States","NASDAQ","USD","1.00","USD","-"
"SM","SM ENERGY","Energy","Equity","221,918,118.24","0.27","221,918,118.24","6,252,976.00","35.49","United States","NYSE","USD","1.00","USD","-"
"RHP","RYMAN HOSPITALITY PROPERTIES REIT","Real Estate","Equity","216,070,345.80","0.26","216,070,345.80","1,713,620.00","126.09","United States","NYSE","USD","1.00","USD","-"
"HUT","HUT CORP","Information Technology","Equity","214,098,508.98","0.26","214,098,508.98","2,650,062.00","80.79","United States","NASDAQ","USD","1.00","USD","-"
"ALKS","ALKERMES","Health Care","Equity","212,099,285.68","0.26","212,099,285.68","4,286,566.00","49.48","United States","NASDAQ","USD","1.00","USD","-"
"JXN","JACKSON FINANCIAL CLASS A","Financials","Equity","211,180,240.92","0.26","211,180,240.92","1,565,922.00","134.86","United States","NYSE","USD","1.00","USD","-"
"ESE","ESCO TECHNOLOGIES","Industrials","Equity","207,430,567.68","0.25","207,430,567.68","676,816.00","306.48","United States","NYSE","USD","1.00","USD","-"
"CMC","COMMERCIAL METALS","Materials","Equity","206,226,640.62","0.25","206,226,640.62","2,905,419.00","70.98","United States","NYSE","USD","1.00","USD","-"
"SYRE","SPYRE THERAPEUTICS INC","Health Care","Equity","205,475,592.96","0.25","205,475,592.96","1,905,728.00","107.82","United States","NASDAQ","USD","1.00","USD","-"
"PCVX","VAXCYTE","Health Care","Equity","202,512,197.82","0.25","202,512,197.82","3,387,058.00","59.79","United States","NASDAQ","USD","1.00","USD","-"
"FLR","FLUOR CORP","Industrials","Equity","196,521,282.32","0.24","196,521,282.32","3,678,796.00","53.42","United States","NYSE","USD","1.00","USD","-"
"AGX","ARGAN","Industrials","Equity","194,592,453.98","0.24","194,592,453.98","351,866.00","553.03","United States","NYSE","USD","1.00","USD","-"
"KYMR","KYMERA THERAPEUTICS","Health Care","Equity","194,341,153.86","0.24","194,341,153.86","1,601,097.00","121.38","United States","NASDAQ","USD","1.00","USD","-"
"OSCR","OSCAR HEALTH CLASS A","Financials","Equity","193,742,157.84","0.24","193,742,157.84","6,193,803.00","31.28","United States","NYSE","USD","1.00","USD","-"
"ENS","ENERSYS","Industrials","Equity","191,728,741.52","0.23","191,728,741.52","955,967.00","200.56","United States","NYSE","USD","1.00","USD","-"
"TWST","TWIST BIOSCIENCE","Health Care","Equity","190,898,005.50","0.23","190,898,005.50","1,644,255.00","116.10","United States","NASDAQ","USD","1.00","USD","-"
"PBF","PBF ENERGY CLASS A","Energy","Equity","190,460,393.60","0.23","190,460,393.60","2,532,718.00","75.20","United States","NYSE","USD","1.00","USD","-"
"FSS","FEDERAL SIGNAL CORP","Industrials","Equity","189,846,622.50","0.23","189,846,622.50","1,556,375.00","121.98","United States","NYSE","USD","1.00","USD","-"
"TEX","TEREX","Industrials","Equity","189,639,718.35","0.23","189,639,718.35","2,943,345.00","64.43","United States","NYSE","USD","1.00","USD","-"
"ZWS","ZURN ELKAY WATER SOLUTIONS CORP","Industrials","Equity","189,480,053.98","0.23","189,480,053.98","3,850,438.00","49.21","United States","NYSE","USD","1.00","USD","-"
"VLY","VALLEY NATIONAL","Financials","Equity","189,321,080.90","0.23","189,321,080.90","12,740,315.00","14.86","United States","NASDAQ","USD","1.00","USD","-"
"TRNO","TERRENO REALTY REIT","Real Estate","Equity","188,503,917.00","0.23","188,503,917.00","2,751,882.00","68.50","United States","NYSE","USD","1.00","USD","-"
"TGTX","TG THERAPEUTICS","Health Care","Equity","187,047,163.66","0.23","187,047,163.66","3,721,591.00","50.26","United States","NASDAQ","USD","1.00","USD","-"
"SNEX","STONEX GROUP INC","Financials","Equity","186,548,476.00","0.23","186,548,476.00","2,809,465.00","66.40","United States","NASDAQ","USD","1.00","USD","-"
"SLAB","SILICON LABORATORIES","Information Technology","Equity","186,079,044.00","0.23","186,079,044.00","849,676.00","219.00","United States","NASDAQ","USD","1.00","USD","-"
"QBTS","D WAVE QUANTUM","Information Technology","Equity","184,637,635.56","0.23","184,637,635.56","9,454,052.00","19.53","United States","NASDAQ","USD","1.00","USD","-"
"ACA","ARCOSA","Industrials","Equity","184,275,166.05","0.22","184,275,166.05","1,267,803.00","145.35","United States","NYSE","USD","1.00","USD","-"
"NPO","ENPRO","Industrials","Equity","181,750,813.59","0.22","181,750,813.59","551,713.00","329.43","United States","NYSE","USD","1.00","USD","-"
"SSRM","SSR MINING","Materials","Equity","179,975,749.40","0.22","179,975,749.40","5,679,260.00","31.69","Canada","NASDAQ","USD","1.00","USD","-"
"MAC","MACERICH REIT","Real Estate","Equity","177,471,173.11","0.22","177,471,173.11","7,264,477.00","24.43","United States","NYSE","USD","1.00","USD","-"
"ORA","ORMAT TECH INC","Utilities","Equity","176,236,346.64","0.22","176,236,346.64","1,606,823.00","109.68","United States","NYSE","USD","1.00","USD","-"
"PLXS","PLEXUS CORP","Information Technology","Equity","175,700,529.55","0.21","175,700,529.55","694,057.00","253.15","United States","NASDAQ","USD","1.00","USD","-"
"QLYS","QUALYS","Information Technology","Equity","175,009,943.94","0.21","175,009,943.94","931,003.00","187.98","United States","NASDAQ","USD","1.00","USD","-"
"EPRT","ESSENTIAL PROPERTIES REALTY TRUST","Real Estate","Equity","174,827,360.40","0.21","174,827,360.40","5,676,213.00","30.80","United States","NYSE","USD","1.00","USD","-"
"SWX","SOUTHWEST GAS HOLDINGS","Utilities","Equity","174,673,892.43","0.21","174,673,892.43","1,904,633.00","91.71","United States","NYSE","USD","1.00","USD","-"
"RIOT","RIOT PLATFORMS","Information Technology","Equity","173,122,524.98","0.21","173,122,524.98","9,155,078.00","18.91","United States","NASDAQ","USD","1.00","USD","-"
"UBSI","UNITED BANKSHARES","Financials","Equity","171,870,600.85","0.21","171,870,600.85","3,524,105.00","48.77","United States","NASDAQ","USD","1.00","USD","-"
"MATX","MATSON INC","Industrials","Equity","170,906,691.60","0.21","170,906,691.60","782,970.00","218.28","United States","NYSE","USD","1.00","USD","-"
"TXG","10X GENOMICS CLASS A","Health Care","Equity","170,795,226.00","0.21","170,795,226.00","3,070,200.00","55.63","United States","NASDAQ","USD","1.00","USD","-"
"VSEC","VSE CORP","Industrials","Equity","170,382,166.47","0.21","170,382,166.47","723,399.00","235.53","United States","NASDAQ","USD","1.00","USD","-"
"LTH","LIFE TIME GROUP HOLDINGS","Consumer Discretionary","Equity","170,336,941.00","0.21","170,336,941.00","3,751,915.00","45.40","United States","NYSE","USD","1.00","USD","-"
"HWC","HANCOCK WHITNEY","Financials","Equity","169,898,904.00","0.21","169,898,904.00","2,171,232.00","78.25","United States","NASDAQ","USD","1.00","USD","-"
"GBCI","GLACIER BANCORP INC","Financials","Equity","168,332,318.26","0.21","168,332,318.26","3,437,458.00","48.97","United States","NYSE","USD","1.00","USD","-"
"LNTH","LANTHEUS HOLDINGS","Health Care","Equity","167,495,258.34","0.20","167,495,258.34","1,670,609.00","100.26","United States","NASDAQ","USD","1.00","USD","-"
"ZETA","ZETA GLOBAL HOLDINGS CLASS A","Information Technology","Equity","164,189,180.52","0.20","164,189,180.52","5,816,124.00","28.23","United States","NYSE","USD","1.00","USD","-"
"ENVA","ENOVA INTERNATIONAL","Financials","Equity","163,988,682.00","0.20","163,988,682.00","625,911.00","262.00","United States","NYSE","USD","1.00","USD","-"
"CVLT","COMMVAULT SYSTEMS","Information Technology","Equity","163,656,975.37","0.20","163,656,975.37","1,145,977.00","142.81","United States","NASDAQ","USD","1.00","USD","-"
"ESNT","ESSENT GROUP","Financials","Equity","163,282,968.52","0.20","163,282,968.52","2,346,694.00","69.58","United States","NYSE","USD","1.00","USD","-"
"GATX","GATX","Industrials","Equity","163,139,920.13","0.20","163,139,920.13","914,923.00","178.31","United States","NYSE","USD","1.00","USD","-"
"KGS","KODIAK GAS SERVICES INC","Energy","Equity","162,669,491.04","0.20","162,669,491.04","2,586,983.00","62.88","United States","NYSE","USD","1.00","USD","-"
"RYTM","RHYTHM PHARMACEUTICALS","Health Care","Equity","162,455,478.00","0.20","162,455,478.00","1,409,592.00","115.25","United States","NASDAQ","USD","1.00","USD","-"
"MXL","MAXLINEAR","Information Technology","Equity","161,347,617.63","0.20","161,347,617.63","2,221,501.00","72.63","United States","NASDAQ","USD","1.00","USD","-"
"MGY","MAGNOLIA OIL GAS CORP CLASS A","Energy","Equity","160,309,043.60","0.20","160,309,043.60","5,959,444.00","26.90","United States","NYSE","USD","1.00","USD","-"
"COGT","COGENT BIOSCIENCES","Health Care","Equity","159,397,715.40","0.19","159,397,715.40","4,261,971.00","37.40","United States","NASDAQ","USD","1.00","USD","-"
"XENE","XENON PHARMACEUTICALS","Health Care","Equity","158,333,186.70","0.19","158,333,186.70","2,506,065.00","63.18","United States","NASDAQ","USD","1.00","USD","-"
"AUB","ATLANTIC UNION BANKSHARES","Financials","Equity","157,389,554.28","0.19","157,389,554.28","3,715,523.00","42.36","United States","NYSE","USD","1.00","USD","-"
"SRRK","SCHOLAR ROCK HOLDING","Health Care","Equity","156,135,859.20","0.19","156,135,859.20","2,853,360.00","54.72","United States","NASDAQ","USD","1.00","USD","-"
"JBTM","JBT MAREL","Industrials","Equity","155,965,763.91","0.19","155,965,763.91","1,353,517.00","115.23","United States","NYSE","USD","1.00","USD","-"
"POR","PORTLAND GENERAL ELECTRIC","Utilities","Equity","155,858,186.40","0.19","155,858,186.40","3,083,248.00","50.55","United States","NYSE","USD","1.00","USD","-"
"APGE","APOGEE THERAPEUTICS","Health Care","Equity","155,329,844.76","0.19","155,329,844.76","1,154,268.00","134.57","United States","NASDAQ","USD","1.00","USD","-"
"DFTX","DEFINIUM THERAPEUTICS INC","Health Care","Equity","154,536,382.56","0.19","154,536,382.56","3,346,392.00","46.18","United States","NASDAQ","USD","1.00","USD","-"
"PTCT","PTC THERAPEUTICS","Health Care","Equity","154,067,694.84","0.19","154,067,694.84","2,121,268.00","72.63","United States","NASDAQ","USD","1.00","USD","-"
"TXNM","TXNM ENERGY INC","Utilities","Equity","152,830,438.67","0.19","152,830,438.67","2,658,383.00","57.49","United States","NYSE","USD","1.00","USD","-"
"LUMN","LUMEN TECHNOLOGIES","Communication","Equity","152,434,660.96","0.19","152,434,660.96","24,866,992.00","6.13","United States","NYSE","USD","1.00","USD","-"
"AROC","ARCHROCK","Energy","Equity","152,418,885.04","0.19","152,418,885.04","4,467,142.00","34.12","United States","NYSE","USD","1.00","USD","-"
"AIR","AAR","Industrials","Equity","152,253,137.92","0.19","152,253,137.92","1,021,696.00","149.02","United States","NYSE","USD","1.00","USD","-"
"CORZ","CORE SCIENTIFIC INC","Information Technology","Equity","152,125,550.85","0.19","152,125,550.85","8,070,321.00","18.85","United States","NASDAQ","USD","1.00","USD","-"
"FTDR","FRONTDOOR INC","Consumer Discretionary","Equity","152,045,677.56","0.19","152,045,677.56","1,833,643.00","82.92","United States","NASDAQ","USD","1.00","USD","-"
"RGTI","RIGETTI COMPUTING","Information Technology","Equity","151,796,731.24","0.19","151,796,731.24","8,571,244.00","17.71","United States","NASDAQ","USD","1.00","USD","-"
"VSXY","VICTORIA S SECRET","Consumer Discretionary","Equity","151,786,649.63","0.19","151,786,649.63","1,808,491.00","83.93","United States","NYSE","USD","1.00","USD","-"
"MRCY","MERCURY SYSTEMS INC","Industrials","Equity","151,407,795.00","0.18","151,407,795.00","1,441,979.00","105.00","United States","NASDAQ","USD","1.00","USD","-"
"ABCB","AMERIS BANCORP","Financials","Equity","151,297,133.40","0.18","151,297,133.40","1,715,387.00","88.20","United States","NYSE","USD","1.00","USD","-"
"HIMS","HIMS HERS HEALTH CLASS A","Health Care","Equity","151,148,674.71","0.18","151,148,674.71","5,518,389.00","27.39","United States","NYSE","USD","1.00","USD","-"
"NE","NOBLE CORPORATION PLC","Energy","Equity","149,462,017.00","0.18","149,462,017.00","3,303,028.00","45.25","United States","NYSE","USD","1.00","USD","-"
"HOMB","HOME BANCSHARES INC","Financials","Equity","148,741,508.17","0.18","148,741,508.17","4,802,761.00","30.97","United States","NYSE","USD","1.00","USD","-"
"BCPC","BALCHEM","Materials","Equity","148,093,776.00","0.18","148,093,776.00","836,688.00","177.00","United States","NASDAQ","USD","1.00","USD","-"
"LGND","LIGAND PHARMACEUTICALS","Health Care","Equity","147,744,761.06","0.18","147,744,761.06","513,734.00","287.59","United States","NASDAQ","USD","1.00","USD","-"
"NJR","NEW JERSEY RESOURCES CORP","Utilities","Equity","147,066,928.00","0.18","147,066,928.00","2,648,900.00","55.52","United States","NYSE","USD","1.00","USD","-"
"BKH","BLACK HILLS CORP","Utilities","Equity","146,837,359.90","0.18","146,837,359.90","2,007,346.00","73.15","United States","NYSE","USD","1.00","USD","-"
"RIG","TRANSOCEAN","Energy","Equity","146,631,850.32","0.18","146,631,850.32","25,194,476.00","5.82","United States","NYSE","USD","1.00","USD","-"
"ORKA","ORUKA THERAPEUTICS INC","Health Care","Equity","146,612,064.72","0.18","146,612,064.72","1,296,534.00","113.08","United States","NASDAQ","USD","1.00","USD","-"
"CWST","CASELLA WASTE SYSTEMS CLASS A","Industrials","Equity","146,391,731.73","0.18","146,391,731.73","1,628,203.00","89.91","United States","NASDAQ","USD","1.00","USD","-"
"TVTX","TRAVERE THERAPEUTICS","Health Care","Equity","146,105,049.60","0.18","146,105,049.60","2,286,464.00","63.90","United States","NASDAQ","USD","1.00","USD","-"
"IBP","INSTALLED BUILDING PRODUCTS","Consumer Discretionary","Equity","145,574,972.73","0.18","145,574,972.73","610,147.00","238.59","United States","NYSE","USD","1.00","USD","-"
"SIGI","SELECTIVE INSURANCE GROUP","Financials","Equity","145,257,752.20","0.18","145,257,752.20","1,590,994.00","91.30","United States","NASDAQ","USD","1.00","USD","-"
"NOVT","NOVANTA","Information Technology","Equity","145,095,169.86","0.18","145,095,169.86","923,526.00","157.11","United States","NASDAQ","USD","1.00","USD","-"
"CGON","CG ONCOLOGY","Health Care","Equity","143,791,849.74","0.18","143,791,849.74","1,884,806.00","76.29","United States","NASDAQ","USD","1.00","USD","-"
"TTAN","SERVICETITAN INC CLASS A","Information Technology","Equity","143,528,589.63","0.18","143,528,589.63","1,575,333.00","91.11","United States","NASDAQ","USD","1.00","USD","-"
"SXT","SENSIENT TECHNOLOGIES","Materials","Equity","143,239,371.84","0.17","143,239,371.84","1,100,656.00","130.14","United States","NYSE","USD","1.00","USD","-"
"KRG","KITE REALTY GROUP TRUST REIT","Real Estate","Equity","143,188,516.88","0.17","143,188,516.88","5,415,602.00","26.44","United States","NYSE","USD","1.00","USD","-"
"HRI","HERC HOLDINGS","Industrials","Equity","142,944,221.14","0.17","142,944,221.14","856,877.00","166.82","United States","NYSE","USD","1.00","USD","-"
"GVA","GRANITE CONSTRUCTION","Industrials","Equity","142,179,586.38","0.17","142,179,586.38","1,142,739.00","124.42","United States","NYSE","USD","1.00","USD","-"
"MTRN","MATERION","Materials","Equity","141,665,824.56","0.17","141,665,824.56","536,552.00","264.03","United States","NYSE","USD","1.00","USD","-"
"XTSLA","BLK CSH FND TREASURY SL AGENCY","Cash and/or Derivatives","Money Market","141,538,073.04","0.17","141,538,073.04","141,538,073.00","1.00","United States","-","USD","1.00","USD","-"
"CIFR","CIPHER DIGITAL INC","Information Technology","Equity","140,177,084.82","0.17","140,177,084.82","8,709,356.00","16.09","United States","NASDAQ","USD","1.00","USD","-"
"ROAD","CONSTRUCTION PARTNERS CLASS A","Industrials","Equity","139,997,431.42","0.17","139,997,431.42","1,233,023.00","113.54","United States","NASDAQ","USD","1.00","USD","-"
"DNTH","DIANTHUS THERAPEUTICS INC","Health Care","Equity","139,741,701.64","0.17","139,741,701.64","1,209,466.00","115.54","United States","NASDAQ","USD","1.00","USD","-"
"ACIW","ACI WORLDWIDE","Information Technology","Equity","139,477,277.55","0.17","139,477,277.55","2,673,515.00","52.17","United States","NASDAQ","USD","1.00","USD","-"
"UEC","URANIUM ENERGY","Energy","Equity","138,446,303.52","0.17","138,446,303.52","12,631,962.00","10.96","United States","Nyse Mkt Llc","USD","1.00","USD","-"
"CSW","CSW INDUSTRIALS","Industrials","Equity","137,960,768.43","0.17","137,960,768.43","415,557.00","331.99","United States","NYSE","USD","1.00","USD","-"
"HASI","HA SUSTAINABLE INFRASTRUCTURE CAPI","Financials","Equity","137,374,220.72","0.17","137,374,220.72","3,321,427.00","41.36","United States","NYSE","USD","1.00","USD","-"
"MMSI","MERIT MEDICAL SYSTEMS INC","Health Care","Equity","137,290,448.96","0.17","137,290,448.96","1,538,096.00","89.26","United States","NASDAQ","USD","1.00","USD","-"
"PIPR","PIPER SANDLER COMPANIES","Financials","Equity","136,821,151.60","0.17","136,821,151.60","1,826,230.00","74.92","United States","NYSE","USD","1.00","USD","-"
"OII","OCEANEERING INTERNATIONAL INC","Energy","Equity","136,480,699.80","0.17","136,480,699.80","2,570,258.00","53.10","United States","NYSE","USD","1.00","USD","-"
"LQDA","LIQUIDIA","Health Care","Equity","134,213,295.53","0.16","134,213,295.53","1,805,641.00","74.33","United States","NASDAQ","USD","1.00","USD","-"
"RDNT","RADNET","Health Care","Equity","134,048,922.69","0.16","134,048,922.69","1,815,643.00","73.83","United States","NASDAQ","USD","1.00","USD","-"
"SBRA","SABRA HEALTH CARE REIT","Real Estate","Equity","133,750,033.17","0.16","133,750,033.17","6,578,949.00","20.33","United States","NASDAQ","USD","1.00","USD","-"
"HCC","WARRIOR MET COAL INC","Materials","Equity","133,517,238.30","0.16","133,517,238.30","1,366,045.00","97.74","United States","NYSE","USD","1.00","USD","-"
"OGS","ONE GAS","Utilities","Equity","133,203,729.80","0.16","133,203,729.80","1,643,476.00","81.05","United States","NYSE","USD","1.00","USD","-"
"PECO","PHILLIPS EDISON AND COMPANY","Real Estate","Equity","133,025,437.56","0.16","133,025,437.56","3,347,394.00","39.74","United States","NASDAQ","USD","1.00","USD","-"
"AX","AXOS FINANCIAL","Financials","Equity","132,827,854.30","0.16","132,827,854.30","1,360,105.00","97.66","United States","NYSE","USD","1.00","USD","-"
"WHD","CACTUS CLASS A","Energy","Equity","132,408,885.48","0.16","132,408,885.48","1,810,596.00","73.13","United States","NYSE","USD","1.00","USD","-"
"CNO","CNO FINANCIAL GROUP","Financials","Equity","132,143,776.84","0.16","132,143,776.84","2,423,767.00","54.52","United States","NYSE","USD","1.00","USD","-"
"JOBY","JOBY AVIATION CLASS A","Industrials","Equity","132,093,812.25","0.16","132,093,812.25","17,267,165.00","7.65","United States","NYSE","USD","1.00","USD","-"
"AXTI","AXT","Information Technology","Equity","132,033,388.69","0.16","132,033,388.69","1,604,099.00","82.31","United States","NASDAQ","USD","1.00","USD","-"
"GLNG","GOLAR LNG","Energy","Equity","131,575,609.35","0.16","131,575,609.35","2,522,055.00","52.17","Norway","NASDAQ","USD","1.00","USD","-"
"VCTR","VICTORY CAPITAL HOLDINGS CLASS A","Financials","Equity","131,303,186.24","0.16","131,303,186.24","1,114,912.00","117.77","United States","NASDAQ","USD","1.00","USD","-"
"MYRG","MYR GROUP INC","Industrials","Equity","129,973,818.10","0.16","129,973,818.10","401,290.00","323.89","United States","NASDAQ","USD","1.00","USD","-"
"BDC","BELDEN","Information Technology","Equity","129,699,431.60","0.16","129,699,431.60","1,002,314.00","129.40","United States","NYSE","USD","1.00","USD","-"
"RDN","RADIAN GROUP","Financials","Equity","129,560,730.75","0.16","129,560,730.75","3,515,895.00","36.85","United States","NYSE","USD","1.00","USD","-"
"SKY","CHAMPION HOMES INC","Consumer Discretionary","Equity","128,859,378.34","0.16","128,859,378.34","1,418,219.00","90.86","United States","NYSE","USD","1.00","USD","-"
"CAKE","CHEESECAKE FACTORY INC","Consumer Discretionary","Equity","128,394,920.28","0.16","128,394,920.28","1,207,173.00","106.36","United States","NASDAQ","USD","1.00","USD","-"
"UFPI","UFP INDUSTRIES","Industrials","Equity","127,931,992.00","0.16","127,931,992.00","1,467,110.00","87.20","United States","NASDAQ","USD","1.00","USD","-"
"VRNS","VARONIS SYSTEMS","Information Technology","Equity","127,787,482.92","0.16","127,787,482.92","2,922,861.00","43.72","United States","NASDAQ","USD","1.00","USD","-"
"EBC","EASTERN BANKSHARES INC","Financials","Equity","127,634,951.70","0.16","127,634,951.70","5,405,970.00","23.61","United States","NASDAQ","USD","1.00","USD","-"
"VAL","VALARIS LTD","Energy","Equity","127,172,656.29","0.16","127,172,656.29","1,472,417.00","86.37","United States","NYSE","USD","1.00","USD","-"
"HAE","HAEMONETICS CORP","Health Care","Equity","126,917,531.65","0.15","126,917,531.65","1,212,781.00","104.65","United States","NYSE","USD","1.00","USD","-"
"BIPC","BROOKFIELD INFRASTRUCTURE CORP CLA","Utilities","Equity","126,606,909.00","0.15","126,606,909.00","3,246,331.00","39.00","Canada","NYSE","USD","1.00","USD","-"
"GTX","GARRETT MOTION","Consumer Discretionary","Equity","126,073,796.05","0.15","126,073,796.05","4,517,155.00","27.91","United States","NASDAQ","USD","1.00","USD","-"
"SR","SPIRE INC","Utilities","Equity","125,804,120.46","0.15","125,804,120.46","1,513,342.00","83.13","United States","NYSE","USD","1.00","USD","-"
"CRSP","CRISPR THERAPEUTICS AG","Health Care","Equity","125,768,789.80","0.15","125,768,789.80","2,374,340.00","52.97","United States","NASDAQ","USD","1.00","USD","-"
"MUR","MURPHY OIL CORP","Energy","Equity","125,719,634.98","0.15","125,719,634.98","3,573,611.00","35.18","United States","NYSE","USD","1.00","USD","-"
"RUSHA","RUSH ENTERPRISES CLASS A","Industrials","Equity","125,468,670.51","0.15","125,468,670.51","1,580,409.00","79.39","United States","NASDAQ","USD","1.00","USD","-"
"PI","IMPINJ","Information Technology","Equity","125,433,498.19","0.15","125,433,498.19","746,317.00","168.07","United States","NASDAQ","USD","1.00","USD","-"
"CNX","CNX RESOURCES","Energy","Equity","125,279,655.75","0.15","125,279,655.75","3,541,975.00","35.37","United States","NYSE","USD","1.00","USD","-"
"BOOT","BOOT BARN HOLDINGS","Consumer Discretionary","Equity","125,076,223.39","0.15","125,076,223.39","791,171.00","158.09","United States","NYSE","USD","1.00","USD","-"
"OUT","OUTFRONT MEDIA","Real Estate","Equity","124,387,529.66","0.15","124,387,529.66","4,149,017.00","29.98","United States","NYSE","USD","1.00","USD","-"
"PRM","PERIMETER SOLUTIONS","Materials","Equity","123,495,967.80","0.15","123,495,967.80","3,883,521.00","31.80","United States","NYSE","USD","1.00","USD","-"
"KLIC","KULICKE AND SOFFA INDUSTRIES INC","Information Technology","Equity","122,993,172.66","0.15","122,993,172.66","1,336,011.00","92.06","United States","NASDAQ","USD","1.00","USD","-"
"MIRM","MIRUM PHARMACEUTICALS","Health Care","Equity","122,449,119.10","0.15","122,449,119.10","1,213,930.00","100.87","United States","NASDAQ","USD","1.00","USD","-"
"SFBS","SERVISFIRST BANCSHARES INC","Financials","Equity","121,466,236.50","0.15","121,466,236.50","1,349,325.00","90.02","United States","NYSE","USD","1.00","USD","-"
"TDW","TIDEWATER","Energy","Equity","121,131,190.50","0.15","121,131,190.50","1,286,850.00","94.13","United States","NYSE","USD","1.00","USD","-"
"INDV","INDIVIOR PHARMACEUTICALS INC","Health Care","Equity","121,074,507.17","0.15","121,074,507.17","3,070,619.00","39.43","United States","NASDAQ","USD","1.00","USD","-"
"LAUR","LAUREATE EDUCATION","Consumer Discretionary","Equity","120,819,112.80","0.15","120,819,112.80","3,162,804.00","38.20","United States","NASDAQ","USD","1.00","USD","-"
"MTH","MERITAGE CORP","Consumer Discretionary","Equity","119,980,996.32","0.15","119,980,996.32","1,697,524.00","70.68","United States","NYSE","USD","1.00","USD","-"
"CNR","CORE NATURAL RESOURCES","Energy","Equity","119,516,600.10","0.15","119,516,600.10","1,298,670.00","92.03","United States","NYSE","USD","1.00","USD","-"
"PSMT","PRICESMART","Consumer Staples","Equity","119,340,529.50","0.15","119,340,529.50","675,385.00","176.70","United States","NASDAQ","USD","1.00","USD","-"
"FFIN","FIRST FINANCIAL BANKSHARES INC","Financials","Equity","119,077,332.80","0.15","119,077,332.80","3,438,560.00","34.63","United States","NASDAQ","USD","1.00","USD","-"
"VSH","VISHAY INTERTECHNOLOGY INC","Information Technology","Equity","118,661,068.16","0.14","118,661,068.16","3,540,008.00","33.52","United States","NYSE","USD","1.00","USD","-"
"ASB","ASSOCIATED BANCORP","Financials","Equity","118,138,474.32","0.14","118,138,474.32","3,730,296.00","31.67","United States","NYSE","USD","1.00","USD","-"
"ANF","ABERCROMBIE AND FITCH CLASS A","Consumer Discretionary","Equity","118,121,574.48","0.14","118,121,574.48","1,142,596.00","103.38","United States","NYSE","USD","1.00","USD","-"
"CVCO","CAVCO INDUSTRIES","Consumer Discretionary","Equity","117,815,366.21","0.14","117,815,366.21","201,473.00","584.77","United States","NASDAQ","USD","1.00","USD","-"
"SPHR","SPHERE ENTERTAINMENT CLASS A","Communication","Equity","117,576,757.62","0.14","117,576,757.62","715,971.00","164.22","United States","NYSE","USD","1.00","USD","-"
"KTB","KONTOOR BRANDS","Consumer Discretionary","Equity","117,458,806.90","0.14","117,458,806.90","1,427,203.00","82.30","United States","NYSE","USD","1.00","USD","-"
"DIOD","DIODES","Information Technology","Equity","117,138,479.30","0.14","117,138,479.30","1,182,023.00","99.10","United States","NASDAQ","USD","1.00","USD","-"
"BCO","BRINKS","Industrials","Equity","116,755,243.50","0.14","116,755,243.50","1,069,775.00","109.14","United States","NYSE","USD","1.00","USD","-"
"ACMR","ACM RESEARCH CLASS A","Information Technology","Equity","116,599,171.26","0.14","116,599,171.26","1,381,998.00","84.37","United States","NASDAQ","USD","1.00","USD","-"
"FULT","FULTON FINANCIAL CORP","Financials","Equity","116,355,471.30","0.14","116,355,471.30","4,788,291.00","24.30","United States","NASDAQ","USD","1.00","USD","-"
"CVSA","COVISTA","Consumer Discretionary","Equity","116,136,759.48","0.14","116,136,759.48","883,438.00","131.46","United States","NYSE","USD","1.00","USD","-"
"MRX","MAREX GROUP LTD","Financials","Equity","115,655,998.20","0.14","115,655,998.20","1,609,015.00","71.88","Bermuda","NASDAQ","USD","1.00","USD","-"
"ICUI","ICU MEDICAL","Health Care","Equity","115,226,340.48","0.14","115,226,340.48","627,048.00","183.76","United States","NASDAQ","USD","1.00","USD","-"
"FBP","FIRST BANCORP","Financials","Equity","114,899,596.64","0.14","114,899,596.64","3,913,474.00","29.36","United States","NYSE","USD","1.00","USD","-"
"BOX","BOX INC CLASS A","Information Technology","Equity","114,567,504.56","0.14","114,567,504.56","3,531,674.00","32.44","United States","NYSE","USD","1.00","USD","-"
"KFY","KORN FERRY","Industrials","Equity","114,524,988.22","0.14","114,524,988.22","1,365,506.00","83.87","United States","NYSE","USD","1.00","USD","-"
"LIVN","LIVANOVA PLC","Health Care","Equity","114,513,170.64","0.14","114,513,170.64","1,433,924.00","79.86","United States","NASDAQ","USD","1.00","USD","-"
"NWE","NORTHWESTERN ENERGY GROUP","Utilities","Equity","113,673,838.63","0.14","113,673,838.63","1,609,883.00","70.61","United States","NASDAQ","USD","1.00","USD","-"
"TCBI","TEXAS CAPITAL BANCSHARES","Financials","Equity","113,665,739.19","0.14","113,665,739.19","1,138,593.00","99.83","United States","NASDAQ","USD","1.00","USD","-"
"ONDS","ONDAS INC","Information Technology","Equity","113,005,950.78","0.14","113,005,950.78","12,473,063.00","9.06","United States","NASDAQ","USD","1.00","USD","-"
"AZZ","AZZ INC","Industrials","Equity","112,999,152.42","0.14","112,999,152.42","771,694.00","146.43","United States","NYSE","USD","1.00","USD","-"
"CBT","CABOT CORP","Materials","Equity","112,734,740.14","0.14","112,734,740.14","1,337,939.00","84.26","United States","NYSE","USD","1.00","USD","-"
"HP","HELMERICH & PAYNE","Energy","Equity","111,266,133.57","0.14","111,266,133.57","2,517,903.00","44.19","United States","NYSE","USD","1.00","USD","-"
"NSIT","INSIGHT ENTERPRISES INC","Information Technology","Equity","110,897,408.44","0.14","110,897,408.44","743,081.00","149.24","United States","NASDAQ","USD","1.00","USD","-"
"URBN","URBAN OUTFITTERS INC","Consumer Discretionary","Equity","110,847,005.56","0.14","110,847,005.56","1,486,084.00","74.59","United States","NASDAQ","USD","1.00","USD","-"
"CATY","CATHAY GENERAL BANCORP","Financials","Equity","110,504,699.40","0.13","110,504,699.40","1,721,257.00","64.20","United States","NASDAQ","USD","1.00","USD","-"
"ITRI","ITRON","Information Technology","Equity","110,337,984.54","0.13","110,337,984.54","1,147,203.00","96.18","United States","NASDAQ","USD","1.00","USD","-"
"CDP","COPT DEFENSE PROPERTIES","Real Estate","Equity","110,245,937.82","0.13","110,245,937.82","2,990,937.00","36.86","United States","NYSE","USD","1.00","USD","-"
"FLG","FLAGSTAR BANK NATIONAL ASSOCIATION","Financials","Equity","109,691,951.98","0.13","109,691,951.98","7,937,189.00","13.82","United States","NYSE","USD","1.00","USD","-"
"SKT","TANGER","Real Estate","Equity","109,635,627.60","0.13","109,635,627.60","2,861,055.00","38.32","United States","NYSE","USD","1.00","USD","-"
"ACHR","ARCHER AVIATION CLASS A","Industrials","Equity","109,408,869.60","0.13","109,408,869.60","17,311,530.00","6.32","United States","NYSE","USD","1.00","USD","-"
"PTEN","PATTERSON UTI ENERGY INC","Energy","Equity","109,371,380.00","0.13","109,371,380.00","9,020,320.00","12.13","United States","NASDAQ","USD","1.00","USD","-"
"ITGR","INTEGER HOLDINGS CORP","Health Care","Equity","109,285,754.13","0.13","109,285,754.13","873,657.00","125.09","United States","NYSE","USD","1.00","USD","-"
"YOU","CLEAR SECURE CLASS A","Information Technology","Equity","109,095,048.69","0.13","109,095,048.69","2,445,529.00","44.61","United States","NYSE","USD","1.00","USD","-"
"ACLS","AXCELIS TECHNOLOGIES","Information Technology","Equity","109,055,968.05","0.13","109,055,968.05","805,495.00","135.39","United States","NASDAQ","USD","1.00","USD","-"
"PJT","PJT PARTNERS CLASS A","Financials","Equity","108,674,092.08","0.13","108,674,092.08","640,314.00","169.72","United States","NYSE","USD","1.00","USD","-"
"UNF","UNIFIRST","Industrials","Equity","108,628,480.50","0.13","108,628,480.50","379,157.00","286.50","United States","NYSE","USD","1.00","USD","-"
"WSFS","WSFS FINANCIAL","Financials","Equity","108,559,393.11","0.13","108,559,393.11","1,328,919.00","81.69","United States","NASDAQ","USD","1.00","USD","-"
"ATMU","ATMUS FILTRATION TECHNOLOGIES","Industrials","Equity","108,112,577.91","0.13","108,112,577.91","2,167,019.00","49.89","United States","NYSE","USD","1.00","USD","-"
"TPC","TUTOR PERINI","Industrials","Equity","107,722,391.66","0.13","107,722,391.66","1,174,342.00","91.73","United States","NYSE","USD","1.00","USD","-"
"BGC","BGC GROUP INC CLASS A","Financials","Equity","107,522,223.66","0.13","107,522,223.66","9,712,938.00","11.07","United States","NASDAQ","USD","1.00","USD","-"
"DK","DELEK US HOLDINGS INC","Energy","Equity","107,252,686.98","0.13","107,252,686.98","1,572,159.00","68.22","United States","NYSE","USD","1.00","USD","-"
"INSW","INTERNATIONAL SEAWAYS","Energy","Equity","106,937,785.15","0.13","106,937,785.15","1,082,695.00","98.77","United States","NYSE","USD","1.00","USD","-"
"TENB","TENABLE HOLDINGS","Information Technology","Equity","106,887,677.82","0.13","106,887,677.82","2,941,323.00","36.34","United States","NASDAQ","USD","1.00","USD","-"
"UCB","UNITED COMMUNITY BANKS INC","Financials","Equity","106,601,072.10","0.13","106,601,072.10","2,916,582.00","36.55","United States","NYSE","USD","1.00","USD","-"
"SLG","SL GREEN REALTY REIT CORP","Real Estate","Equity","106,494,571.40","0.13","106,494,571.40","1,873,585.00","56.84","United States","NYSE","USD","1.00","USD","-"
"INDB","INDEPENDENT BANK CORP","Financials","Equity","106,394,146.06","0.13","106,394,146.06","1,246,709.00","85.34","United States","NASDAQ","USD","1.00","USD","-"
"SKYW","SKYWEST","Industrials","Equity","105,614,438.79","0.13","105,614,438.79","1,024,289.00","103.11","United States","NASDAQ","USD","1.00","USD","-"
"CON","CONCENTRA GROUP HOLDINGS PARENT IN","Health Care","Equity","105,175,060.75","0.13","105,175,060.75","3,000,715.00","35.05","United States","NYSE","USD","1.00","USD","-"
"BNL","BROADSTONE NET LEASE","Real Estate","Equity","105,140,337.42","0.13","105,140,337.42","5,059,689.00","20.78","United States","NYSE","USD","1.00","USD","-"
"FSLY","FASTLY CLASS A","Information Technology","Equity","104,769,492.56","0.13","104,769,492.56","3,940,184.00","26.59","United States","NASDAQ","USD","1.00","USD","-"
"SYNA","SYNAPTICS","Information Technology","Equity","104,664,158.94","0.13","104,664,158.94","998,418.00","104.83","United States","NASDAQ","USD","1.00","USD","-"
"IBOC","INTERNATIONAL BANCSHARES CORP","Financials","Equity","104,149,823.53","0.13","104,149,823.53","1,434,373.00","72.61","United States","NASDAQ","USD","1.00","USD","-"
"CHEF","CHEFS WAREHOUSE INC","Consumer Staples","Equity","103,620,465.30","0.13","103,620,465.30","956,791.00","108.30","United States","NASDAQ","USD","1.00","USD","-"
"CECO","CECO ENVIRONMENTAL","Industrials","Equity","103,391,492.00","0.13","103,391,492.00","1,350,640.00","76.55","United States","NASDAQ","USD","1.00","USD","-"
"AVNT","AVIENT CORP","Materials","Equity","103,331,408.66","0.13","103,331,408.66","2,377,621.00","43.46","United States","NYSE","USD","1.00","USD","-"
"RELY","REMITLY GLOBAL INC","Financials","Equity","102,933,674.40","0.13","102,933,674.40","4,046,135.00","25.44","United States","NASDAQ","USD","1.00","USD","-"
"ABG","ASBURY AUTOMOTIVE GROUP INC","Consumer Discretionary","Equity","102,553,268.40","0.13","102,553,268.40","502,860.00","203.94","United States","NYSE","USD","1.00","USD","-"
"XMTR","XOMETRY CLASS A","Industrials","Equity","102,263,997.60","0.12","102,263,997.60","1,189,808.00","85.95","United States","NASDAQ","USD","1.00","USD","-"
"ERAS","ERASCA","Health Care","Equity","102,140,978.80","0.12","102,140,978.80","5,643,148.00","18.10","United States","NASDAQ","USD","1.00","USD","-"
"PARR","PAR PACIFIC HOLDINGS INC","Energy","Equity","102,076,374.72","0.12","102,076,374.72","1,267,872.00","80.51","United States","NYSE","USD","1.00","USD","-"
"QTWO","Q2 HOLDINGS INC","Information Technology","Equity","102,005,784.08","0.12","102,005,784.08","1,623,262.00","62.84","United States","NYSE","USD","1.00","USD","-"
"RNST","RENASANT CORP","Financials","Equity","101,760,409.20","0.12","101,760,409.20","2,388,742.00","42.60","United States","NYSE","USD","1.00","USD","-"
"GEO","GEO GROUP","Industrials","Equity","101,421,088.34","0.12","101,421,088.34","3,281,174.00","30.91","United States","NYSE","USD","1.00","USD","-"
"DYN","DYNE THERAPEUTICS","Health Care","Equity","100,561,682.00","0.12","100,561,682.00","3,867,757.00","26.00","United States","NASDAQ","USD","1.00","USD","-"
"IRT","INDEPENDENCE REALTY","Real Estate","Equity","100,533,036.24","0.12","100,533,036.24","6,137,548.00","16.38","United States","NYSE","USD","1.00","USD","-"
"SXI","STANDEX INTERNATIONAL CORP","Industrials","Equity","100,503,710.67","0.12","100,503,710.67","313,203.00","320.89","United States","NYSE","USD","1.00","USD","-"
"MWA","MUELLER WATER PRODUCTS SERIES A","Industrials","Equity","100,460,111.93","0.12","100,460,111.93","4,032,923.00","24.91","United States","NYSE","USD","1.00","USD","-"
"FELE","FRANKLIN ELECTRIC","Industrials","Equity","100,399,544.40","0.12","100,399,544.40","984,792.00","101.95","United States","NASDAQ","USD","1.00","USD","-"
"CVBF","CVB FINANCIAL CORP","Financials","Equity","100,349,038.08","0.12","100,349,038.08","4,355,427.00","23.04","United States","NASDAQ","USD","1.00","USD","-"
"CNK","CINEMARK HOLDINGS INC","Communication","Equity","100,205,496.50","0.12","100,205,496.50","2,730,395.00","36.70","United States","NYSE","USD","1.00","USD","-"
"GFF","GRIFFON","Industrials","Equity","100,136,686.48","0.12","100,136,686.48","989,102.00","101.24","United States","NYSE","USD","1.00","USD","-"
"CRC","CALIFORNIA RESOURCES","Energy","Equity","99,964,948.68","0.12","99,964,948.68","1,881,162.00","53.14","United States","NYSE","USD","1.00","USD","-"
"ACAD","ACADIA PHARMACEUTICALS","Health Care","Equity","99,920,517.42","0.12","99,920,517.42","3,310,819.00","30.18","United States","NASDAQ","USD","1.00","USD","-"
"WSBC","WESBANCO","Financials","Equity","99,157,579.29","0.12","99,157,579.29","2,349,149.00","42.21","United States","NASDAQ","USD","1.00","USD","-"
"MHO","M I HOMES INC","Consumer Discretionary","Equity","98,247,475.34","0.12","98,247,475.34","661,421.00","148.54","United States","NYSE","USD","1.00","USD","-"
"IRTC","IRHYTHM HOLDINGS INC","Health Care","Equity","98,001,248.40","0.12","98,001,248.40","850,410.00","115.24","United States","NASDAQ","USD","1.00","USD","-"
"MC","MOELIS CLASS A","Financials","Equity","97,921,607.49","0.12","97,921,607.49","1,470,957.00","66.57","United States","NYSE","USD","1.00","USD","-"
"STEP","STEPSTONE GROUP CLASS A","Financials","Equity","97,766,319.36","0.12","97,766,319.36","2,016,632.00","48.48","United States","NASDAQ","USD","1.00","USD","-"
"GHC","GRAHAM HOLDINGS COMPANY CLASS B","Consumer Discretionary","Equity","97,418,954.64","0.12","97,418,954.64","83,032.00","1,173.27","United States","NYSE","USD","1.00","USD","-"
"CSTM","CONSTELLIUM SE CLASS A","Materials","Equity","97,201,852.65","0.12","97,201,852.65","3,472,735.00","27.99","United States","NYSE","USD","1.00","USD","-"
"RXO","RXO INC","Industrials","Equity","97,070,072.46","0.12","97,070,072.46","4,289,442.00","22.63","United States","NYSE","USD","1.00","USD","-"
"KNF","KNIFE RIVER CORP","Materials","Equity","96,811,480.15","0.12","96,811,480.15","1,479,167.00","65.45","United States","NYSE","USD","1.00","USD","-"
"AEHR","AEHR TEST SYSTEMS","Information Technology","Equity","96,755,440.50","0.12","96,755,440.50","785,034.00","123.25","United States","NASDAQ","USD","1.00","USD","-"
"ADPT","ADAPTIVE BIOTECHNOLOGIES","Health Care","Equity","96,615,110.40","0.12","96,615,110.40","3,933,840.00","24.56","United States","NASDAQ","USD","1.00","USD","-"
"IMVT","IMMUNOVANT","Health Care","Equity","96,475,255.30","0.12","96,475,255.30","2,177,771.00","44.30","United States","NASDAQ","USD","1.00","USD","-"
"PII","POLARIS INC","Consumer Discretionary","Equity","96,233,910.48","0.12","96,233,910.48","1,423,368.00","67.61","United States","NYSE","USD","1.00","USD","-"
"BMI","BADGER METER","Information Technology","Equity","96,163,468.41","0.12","96,163,468.41","763,869.00","125.89","United States","NYSE","USD","1.00","USD","-"
"USD","USD CASH","Cash and/or Derivatives","Cash","96,036,150.28","0.12","96,036,150.28","96,036,150.00","100.00","United States","-","USD","1.00","USD","-"
"LGN","LEGENCE CLASS A","Industrials","Equity","95,697,786.24","0.12","95,697,786.24","1,503,264.00","63.66","United States","NASDAQ","USD","1.00","USD","-"
"KAI","KADANT INC","Industrials","Equity","95,520,533.96","0.12","95,520,533.96","308,489.00","309.64","United States","NYSE","USD","1.00","USD","-"
"OPCH","OPTION CARE HEALTH INC","Health Care","Equity","95,300,073.33","0.12","95,300,073.33","4,070,913.00","23.41","United States","NASDAQ","USD","1.00","USD","-"
"MIR","MIRION TECHNOLOGIES CLASS A","Information Technology","Equity","95,252,065.86","0.12","95,252,065.86","6,213,442.00","15.33","United States","NYSE","USD","1.00","USD","-"
"STNG","SCORPIO TANKERS","Energy","Equity","94,851,842.74","0.12","94,851,842.74","1,195,511.00","79.34","United States","NYSE","USD","1.00","USD","-"
"HNGE","HINGE HEALTH CLASS A","Health Care","Equity","94,841,146.16","0.12","94,841,146.16","1,074,809.00","88.24","United States","NYSE","USD","1.00","USD","-"
"UCTT","ULTRA CLEAN HOLDINGS INC","Information Technology","Equity","94,459,880.88","0.12","94,459,880.88","1,154,484.00","81.82","United States","NASDAQ","USD","1.00","USD","-"
"DORM","DORMAN PRODUCTS","Consumer Discretionary","Equity","94,441,661.00","0.12","94,441,661.00","711,050.00","132.82","United States","NASDAQ","USD","1.00","USD","-"
"GNW","GENWORTH FINANCIAL INC","Financials","Equity","94,371,762.24","0.12","94,371,762.24","9,362,278.00","10.08","United States","NYSE","USD","1.00","USD","-"
"WK","WORKIVA CLASS A","Information Technology","Equity","93,994,636.50","0.11","93,994,636.50","1,340,865.00","70.10","United States","NYSE","USD","1.00","USD","-"
"APLE","APPLE HOSPITALITY REIT INC","Real Estate","Equity","93,278,588.19","0.11","93,278,588.19","5,804,517.00","16.07","United States","NYSE","USD","1.00","USD","-"
"HTFL","HEARTFLOW","Health Care","Equity","92,897,535.16","0.11","92,897,535.16","2,053,892.00","45.23","United States","NASDAQ","USD","1.00","USD","-"
"LMND","LEMONADE INC","Financials","Equity","92,303,548.12","0.11","92,303,548.12","1,841,651.00","50.12","United States","NYSE","USD","1.00","USD","-"
"TNGX","TANGO THERAPEUTICS","Health Care","Equity","92,241,776.64","0.11","92,241,776.64","3,625,856.00","25.44","United States","NASDAQ","USD","1.00","USD","-"
"DNLI","DENALI THERAPEUTICS","Health Care","Equity","92,085,939.66","0.11","92,085,939.66","3,787,986.00","24.31","United States","NASDAQ","USD","1.00","USD","-"
"CALM","CAL MAINE FOODS","Consumer Staples","Equity","91,790,978.30","0.11","91,790,978.30","1,130,570.00","81.19","United States","NASDAQ","USD","1.00","USD","-"
"CELC","CELCUITY","Health Care","Equity","91,682,425.80","0.11","91,682,425.80","983,295.00","93.24","United States","NASDAQ","USD","1.00","USD","-"
"USAR","USA RARE EARTH CLASS A","Materials","Equity","91,557,826.98","0.11","91,557,826.98","4,946,398.00","18.51","United States","NASDAQ","USD","1.00","USD","-"
"FFBC","FIRST FINANCIAL BANCORP","Financials","Equity","91,401,443.15","0.11","91,401,443.15","2,704,985.00","33.79","United States","NASDAQ","USD","1.00","USD","-"
"OPLN","OPENLANE INC","Industrials","Equity","91,385,434.44","0.11","91,385,434.44","2,729,553.00","33.48","United States","NYSE","USD","1.00","USD","-"
"NHI","NATIONAL HEALTH INVESTORS REIT","Real Estate","Equity","91,357,159.08","0.11","91,357,159.08","1,247,367.00","73.24","United States","NYSE","USD","1.00","USD","-"
"NMIH","NMI HOLDINGS","Financials","Equity","91,289,418.42","0.11","91,289,418.42","2,001,522.00","45.61","United States","NASDAQ","USD","1.00","USD","-"
"UUUU","ENERGY FUELS INC","Energy","Equity","91,149,139.94","0.11","91,149,139.94","6,469,066.00","14.09","Canada","Nyse Mkt Llc","USD","1.00","USD","-"
"LXP","LXP INDUSTRIAL TRUST","Real Estate","Equity","91,057,667.22","0.11","91,057,667.22","1,503,346.00","60.57","United States","NYSE","USD","1.00","USD","-"
"OTTR","OTTER TAIL","Utilities","Equity","90,962,394.72","0.11","90,962,394.72","997,176.00","91.22","United States","NASDAQ","USD","1.00","USD","-"
"FIBK","FIRST INTERSTATE BANCSYSTEM INC","Financials","Equity","90,829,866.66","0.11","90,829,866.66","2,361,671.00","38.46","United States","NASDAQ","USD","1.00","USD","-"
"LRN","STRIDE INC","Consumer Discretionary","Equity","90,790,060.56","0.11","90,790,060.56","1,083,931.00","83.76","United States","NYSE","USD","1.00","USD","-"
"CLMT","CALUMET","Energy","Equity","90,503,788.20","0.11","90,503,788.20","1,781,220.00","50.81","United States","NASDAQ","USD","1.00","USD","-"
"AWR","AMERICAN STATES WATER","Utilities","Equity","90,299,396.57","0.11","90,299,396.57","1,015,627.00","88.91","United States","NYSE","USD","1.00","USD","-"
"MGNI","MAGNITE","Communication","Equity","90,251,634.55","0.11","90,251,634.55","3,679,235.00","24.53","United States","NASDAQ","USD","1.00","USD","-"
"OSIS","OSI SYSTEMS","Information Technology","Equity","89,864,126.85","0.11","89,864,126.85","410,845.00","218.73","United States","NASDAQ","USD","1.00","USD","-"
"NIC","NICOLET BANKSHARES INC","Financials","Equity","89,737,790.86","0.11","89,737,790.86","507,739.00","176.74","United States","NYSE","USD","1.00","USD","-"
"AAP","ADVANCE AUTO PARTS INC","Consumer Discretionary","Equity","89,544,993.28","0.11","89,544,993.28","1,572,068.00","56.96","United States","NYSE","USD","1.00","USD","-"
"MARA","MARA HOLDINGS INC","Information Technology","Equity","89,081,959.68","0.11","89,081,959.68","9,942,183.00","8.96","United States","NASDAQ","USD","1.00","USD","-"
"SBCF","SEACOAST BANKING OF FLORIDA","Financials","Equity","89,069,850.44","0.11","89,069,850.44","2,506,186.00","35.54","United States","NASDAQ","USD","1.00","USD","-"
"DAN","DANA INCORPORATED INC","Consumer Discretionary","Equity","88,772,927.46","0.11","88,772,927.46","2,883,174.00","30.79","United States","NYSE","USD","1.00","USD","-"
"HIW","HIGHWOODS PROPERTIES REIT","Real Estate","Equity","88,592,037.55","0.11","88,592,037.55","2,871,703.00","30.85","United States","NYSE","USD","1.00","USD","-"
"HNI","HNI","Industrials","Equity","88,584,455.52","0.11","88,584,455.52","1,864,151.00","47.52","United States","NYSE","USD","1.00","USD","-"
"PRK","PARK NATIONAL CORP","Financials","Equity","88,521,552.00","0.11","88,521,552.00","433,080.00","204.40","United States","Nyse Mkt Llc","USD","1.00","USD","-"
"SHOO","STEVEN MADDEN","Consumer Discretionary","Equity","88,264,140.25","0.11","88,264,140.25","1,888,003.00","46.75","United States","NASDAQ","USD","1.00","USD","-"
"LBRT","LIBERTY ENERGY CLASS A","Energy","Equity","88,078,284.17","0.11","88,078,284.17","4,137,073.00","21.29","United States","NYSE","USD","1.00","USD","-"
"CBU","COMMUNITY FINANCIAL SYSTEM INC","Financials","Equity","87,932,077.87","0.11","87,932,077.87","1,360,967.00","64.61","United States","NYSE","USD","1.00","USD","-"
"PLMR","PALOMAR HOLDINGS","Financials","Equity","87,778,601.46","0.11","87,778,601.46","676,834.00","129.69","United States","NASDAQ","USD","1.00","USD","-"
"DAVE","DAVE CLASS A","Financials","Equity","87,756,071.94","0.11","87,756,071.94","263,421.00","333.14","United States","NASDAQ","USD","1.00","USD","-"
"CWK","CUSHMAN AND WAKEFIELD LTD","Real Estate","Equity","87,502,739.52","0.11","87,502,739.52","6,179,572.00","14.16","United States","NYSE","USD","1.00","USD","-"
"TDS","TELEPHONE AND DATA SYSTEMS","Communication","Equity","87,310,158.90","0.11","87,310,158.90","2,555,170.00","34.17","United States","NYSE","USD","1.00","USD","-"
"ASH","ASHLAND","Materials","Equity","87,297,495.12","0.11","87,297,495.12","1,185,624.00","73.63","United States","NYSE","USD","1.00","USD","-"
"NATL","NCR ATLEOS","Financials","Equity","87,258,826.00","0.11","87,258,826.00","1,896,931.00","46.00","United States","NYSE","USD","1.00","USD","-"
"VGNT","VERSIGENT PLC","Consumer Discretionary","Equity","87,029,833.17","0.11","87,029,833.17","1,863,993.00","46.69","United States","NYSE","USD","1.00","USD","-"
"CRGY","CRESCENT ENERGY CLASS A","Energy","Equity","86,854,691.70","0.11","86,854,691.70","6,706,926.00","12.95","United States","NYSE","USD","1.00","USD","-"
"SFNC","SIMMONS FIRST NATIONAL CLASS A","Financials","Equity","86,832,926.08","0.11","86,832,926.08","3,666,931.00","23.68","United States","NASDAQ","USD","1.00","USD","-"
"BELFB","BEL FUSE CLASS B","Information Technology","Equity","86,684,384.76","0.11","86,684,384.76","314,108.00","275.97","United States","NASDAQ","USD","1.00","USD","-"
"SIG","SIGNET JEWELERS","Consumer Discretionary","Equity","86,337,722.64","0.11","86,337,722.64","1,018,614.00","84.76","United States","NYSE","USD","1.00","USD","-"
"FUL","HB FULLER","Materials","Equity","85,951,732.40","0.10","85,951,732.40","1,435,160.00","59.89","United States","NYSE","USD","1.00","USD","-"
"RLAY","RELAY THERAPEUTICS","Health Care","Equity","85,891,556.70","0.10","85,891,556.70","4,167,470.00","20.61","United States","NASDAQ","USD","1.00","USD","-"
"KNSA","KINIKSA PHARMACEUTICALS INTERNATIO","Health Care","Equity","85,862,951.77","0.10","85,862,951.77","1,080,173.00","79.49","United States","NASDAQ","USD","1.00","USD","-"
"SEI","SOLARIS ENERGY INFRASTRUCTURE INC","Energy","Equity","85,212,592.32","0.10","85,212,592.32","1,375,728.00","61.94","United States","NYSE","USD","1.00","USD","-"
"TOWN","TOWNEBANK","Financials","Equity","85,146,793.31","0.10","85,146,793.31","2,262,737.00","37.63","United States","NASDAQ","USD","1.00","USD","-"
"EXPO","EXPONENT","Industrials","Equity","84,981,182.94","0.10","84,981,182.94","1,258,794.00","67.51","United States","NASDAQ","USD","1.00","USD","-"
"KBH","KB HOME","Consumer Discretionary","Equity","84,337,731.66","0.10","84,337,731.66","1,562,678.00","53.97","United States","NYSE","USD","1.00","USD","-"
"BKU","BANKUNITED","Financials","Equity","84,297,107.28","0.10","84,297,107.28","1,764,276.00","47.78","United States","NYSE","USD","1.00","USD","-"
"CLDX","CELLDEX THERAPEUTICS","Health Care","Equity","84,226,658.46","0.10","84,226,658.46","2,015,474.00","41.79","United States","NASDAQ","USD","1.00","USD","-"
"LEU","CENTRUS ENERGY CLASS A","Energy","Equity","84,201,413.80","0.10","84,201,413.80","479,234.00","175.70","United States","NYSE","USD","1.00","USD","-"
"VCYT","VERACYTE","Health Care","Equity","84,160,207.80","0.10","84,160,207.80","2,068,835.00","40.68","United States","NASDAQ","USD","1.00","USD","-"
"POWI","POWER INTEGRATIONS","Information Technology","Equity","84,116,959.92","0.10","84,116,959.92","1,435,688.00","58.59","United States","NASDAQ","USD","1.00","USD","-"
"CPK","CHESAPEAKE UTILITIES","Utilities","Equity","83,753,340.48","0.10","83,753,340.48","613,308.00","136.56","United States","NYSE","USD","1.00","USD","-"
"MSGE","MADISON SQUARE GARDEN ENTERTAINMEN","Communication","Equity","83,190,907.80","0.10","83,190,907.80","1,015,762.00","81.90","United States","NYSE","USD","1.00","USD","-"
"AVA","AVISTA","Utilities","Equity","83,172,050.64","0.10","83,172,050.64","2,164,248.00","38.43","United States","NYSE","USD","1.00","USD","-"
"VAC","MARRIOTT VACATIONS WORLDWIDE","Consumer Discretionary","Equity","83,156,088.80","0.10","83,156,088.80","722,845.00","115.04","United States","NYSE","USD","1.00","USD","-"
"MIAX","MIAMI INTERNATIONAL HOLDINGS","Financials","Equity","82,626,528.93","0.10","82,626,528.93","1,971,523.00","41.91","United States","NYSE","USD","1.00","USD","-"
"ATKR","ATKORE INC","Industrials","Equity","82,598,810.88","0.10","82,598,810.88","883,977.00","93.44","United States","NYSE","USD","1.00","USD","-"
"AMLX","AMYLYX PHARMACEUTICALS","Health Care","Equity","82,376,135.30","0.10","82,376,135.30","2,346,230.00","35.11","United States","NASDAQ","USD","1.00","USD","-"
"AMBA","AMBARELLA","Information Technology","Equity","82,174,207.44","0.10","82,174,207.44","1,098,292.00","74.82","United States","NASDAQ","USD","1.00","USD","-"
"CENX","CENTURY ALUMINUM","Materials","Equity","81,765,508.02","0.10","81,765,508.02","1,790,747.00","45.66","United States","NASDAQ","USD","1.00","USD","-"
"CXW","CORECIVIC REIT","Industrials","Equity","81,621,658.80","0.10","81,621,658.80","2,519,187.00","32.40","United States","NYSE","USD","1.00","USD","-"
"CLBK","COLUMBIA FINANCIAL INC","Financials","Equity","81,447,601.20","0.10","81,447,601.20","6,890,660.00","11.82","United States","NASDAQ","USD","1.00","USD","-"
"OPEN","OPENDOOR TECHNOLOGIES CLASS A","Real Estate","Equity","80,937,884.16","0.10","80,937,884.16","24,088,656.00","3.36","United States","NASDAQ","USD","1.00","USD","-"
"IDYA","IDEAYA BIOSCIENCES","Health Care","Equity","80,725,356.96","0.10","80,725,356.96","2,128,272.00","37.93","United States","NASDAQ","USD","1.00","USD","-"
"EWTX","EDGEWISE THERAPEUTICS","Health Care","Equity","80,541,816.41","0.10","80,541,816.41","1,825,931.00","44.11","United States","NASDAQ","USD","1.00","USD","-"
"WDFC","WD-40","Consumer Staples","Equity","80,519,600.70","0.10","80,519,600.70","350,070.00","230.01","United States","NASDAQ","USD","1.00","USD","-"
"BTU","PEABODY ENERGY CORP","Energy","Equity","80,426,531.52","0.10","80,426,531.52","3,194,064.00","25.18","United States","NYSE","USD","1.00","USD","-"
"ADEA","ADEIA","Information Technology","Equity","80,378,564.28","0.10","80,378,564.28","2,868,614.00","28.02","United States","NASDAQ","USD","1.00","USD","-"
"TMDX","TRANSMEDICS GROUP","Health Care","Equity","79,927,545.63","0.10","79,927,545.63","881,327.00","90.69","United States","NASDAQ","USD","1.00","USD","-"
"COCO","THE VITA COCO COMPANY","Consumer Staples","Equity","79,872,512.22","0.10","79,872,512.22","1,257,043.00","63.54","United States","NASDAQ","USD","1.00","USD","-"
"WT","WISDOMTREE","Financials","Equity","79,828,765.92","0.10","79,828,765.92","3,492,072.00","22.86","United States","NYSE","USD","1.00","USD","-"
"MMS","MAXIMUS","Industrials","Equity","79,763,993.34","0.10","79,763,993.34","1,414,506.00","56.39","United States","NYSE","USD","1.00","USD","-"
"ARCB","ARCBEST","Industrials","Equity","79,743,568.80","0.10","79,743,568.80","574,480.00","138.81","United States","NASDAQ","USD","1.00","USD","-"
"AMRX","AMNEAL PHARMACEUTICALS CLASS A","Health Care","Equity","79,651,536.16","0.10","79,651,536.16","4,378,864.00","18.19","United States","NASDAQ","USD","1.00","USD","-"
"EXTR","EXTREME NETWORKS","Information Technology","Equity","78,934,478.75","0.10","78,934,478.75","3,323,557.00","23.75","United States","NASDAQ","USD","1.00","USD","-"
"KN","KNOWLES","Information Technology","Equity","78,919,293.30","0.10","78,919,293.30","2,188,555.00","36.06","United States","NYSE","USD","1.00","USD","-"
"VECO","VEECO INSTRUMENTS INC","Information Technology","Equity","78,667,659.30","0.10","78,667,659.30","1,545,230.00","50.91","United States","NASDAQ","USD","1.00","USD","-"
"ASO","ACADEMY SPORTS AND OUTDOORS","Consumer Discretionary","Equity","78,587,147.36","0.10","78,587,147.36","1,676,347.00","46.88","United States","NASDAQ","USD","1.00","USD","-"
"NAVN","NAVAN CLASS A","Consumer Discretionary","Equity","78,385,910.80","0.10","78,385,910.80","2,684,449.00","29.20","United States","NASDAQ","USD","1.00","USD","-"
"DGII","DIGI INTERNATIONAL","Information Technology","Equity","78,254,412.08","0.10","78,254,412.08","965,627.00","81.04","United States","NASDAQ","USD","1.00","USD","-"
"PFS","PROVIDENT FINANCIAL SERVICES INC","Financials","Equity","78,237,829.38","0.10","78,237,829.38","3,198,603.00","24.46","United States","NYSE","USD","1.00","USD","-"
"NHC","NATIONAL HEALTHCARE CORP","Health Care","Equity","77,806,260.88","0.09","77,806,260.88","332,264.00","234.17","United States","Nyse Mkt Llc","USD","1.00","USD","-"
"CWT","CALIFORNIA WATER SERVICE GROUP","Utilities","Equity","77,680,384.20","0.09","77,680,384.20","1,557,970.00","49.86","United States","NYSE","USD","1.00","USD","-"
"MGEE","MGE ENERGY","Utilities","Equity","77,681,337.50","0.09","77,681,337.50","956,078.00","81.25","United States","NASDAQ","USD","1.00","USD","-"
"ARQT","ARCUTIS BIOTHERAPEUTICS","Health Care","Equity","77,301,624.84","0.09","77,301,624.84","2,912,646.00","26.54","United States","NASDAQ","USD","1.00","USD","-"
"MCY","MERCURY GENERAL","Financials","Equity","76,951,545.36","0.09","76,951,545.36","723,773.00","106.32","United States","NYSE","USD","1.00","USD","-"
"DNOW","DNOW","Industrials","Equity","76,683,387.96","0.09","76,683,387.96","4,813,772.00","15.93","United States","NYSE","USD","1.00","USD","-"
"TARS","TARSUS PHARMACEUTICALS","Health Care","Equity","76,534,896.03","0.09","76,534,896.03","1,077,501.00","71.03","United States","NASDAQ","USD","1.00","USD","-"
"CURB","CURBLINE PROPERTIES","Real Estate","Equity","76,476,300.00","0.09","76,476,300.00","2,549,210.00","30.00","United States","NYSE","USD","1.00","USD","-"
"RRR","RED ROCK RESORTS ORS CLASS A","Consumer Discretionary","Equity","76,352,055.45","0.09","76,352,055.45","1,241,295.00","61.51","United States","NASDAQ","USD","1.00","USD","-"
"BWIN","BALDWIN INSURANCE GROUP CLASS A","Financials","Equity","76,305,796.40","0.09","76,305,796.40","2,526,682.00","30.20","United States","NASDAQ","USD","1.00","USD","-"
"CLSK","CLEANSPARK","Information Technology","Equity","76,156,368.12","0.09","76,156,368.12","6,492,444.00","11.73","United States","NASDAQ","USD","1.00","USD","-"
"PLUG","PLUG POWER","Industrials","Equity","76,096,756.80","0.09","76,096,756.80","35,229,980.00","2.16","United States","NASDAQ","USD","1.00","USD","-"
"IBRX","IMMUNITYBIO INC","Health Care","Equity","75,999,779.32","0.09","75,999,779.32","9,844,531.00","7.72","United States","NASDAQ","USD","1.00","USD","-"
"SDRL","SEADRILL","Energy","Equity","75,931,652.10","0.09","75,931,652.10","1,633,290.00","46.49","United States","NYSE","USD","1.00","USD","-"
"PENG","PENGUIN SOLUTIONS INC","Information Technology","Equity","75,928,285.88","0.09","75,928,285.88","1,301,033.00","58.36","United States","NASDAQ","USD","1.00","USD","-"
"AGYS","AGILYSYS INC","Information Technology","Equity","75,850,884.72","0.09","75,850,884.72","677,482.00","111.96","United States","NASDAQ","USD","1.00","USD","-"
"MGRC","MCGRATH RENT","Industrials","Equity","75,838,188.32","0.09","75,838,188.32","637,939.00","118.88","United States","NASDAQ","USD","1.00","USD","-"
"BOH","BANK OF HAWAII","Financials","Equity","75,628,553.40","0.09","75,628,553.40","956,355.00","79.08","United States","NYSE","USD","1.00","USD","-"
"GRAL","GRAIL INC","Health Care","Equity","75,369,326.43","0.09","75,369,326.43","1,063,187.00","70.89","United States","NASDAQ","USD","1.00","USD","-"
"GPI","GROUP AUTOMOTIVE INC","Consumer Discretionary","Equity","75,364,014.44","0.09","75,364,014.44","301,444.00","250.01","United States","NYSE","USD","1.00","USD","-"
"VC","VISTEON","Consumer Discretionary","Equity","75,033,420.28","0.09","75,033,420.28","710,813.00","105.56","United States","NASDAQ","USD","1.00","USD","-"
"PK","PARK HOTELS RESORTS INC","Real Estate","Equity","74,920,388.72","0.09","74,920,388.72","4,874,456.00","15.37","United States","NYSE","USD","1.00","USD","-"
"DX","DYNEX CAPITAL REIT INC","Financials","Equity","74,884,661.02","0.09","74,884,661.02","5,681,689.00","13.18","United States","NYSE","USD","1.00","USD","-"
"IMNM","IMMUNOME","Health Care","Equity","74,799,025.08","0.09","74,799,025.08","2,714,043.00","27.56","United States","NASDAQ","USD","1.00","USD","-"
"BKD","BROOKDALE SENIOR LIVING INC","Health Care","Equity","74,744,399.86","0.09","74,744,399.86","6,116,563.00","12.22","United States","NYSE","USD","1.00","USD","-"
"REZI","RESIDEO TECHNOLOGIES","Industrials","Equity","74,519,557.48","0.09","74,519,557.48","3,545,174.00","21.02","United States","NYSE","USD","1.00","USD","-"
"SPSC","SPS COMMERCE","Information Technology","Equity","74,511,291.26","0.09","74,511,291.26","962,927.00","77.38","United States","NASDAQ","USD","1.00","USD","-"
"BCC","BOISE CASCADE","Industrials","Equity","74,298,877.18","0.09","74,298,877.18","926,651.00","80.18","United States","NYSE","USD","1.00","USD","-"
"DCO","DUCOMMUN","Industrials","Equity","74,012,127.75","0.09","74,012,127.75","362,325.00","204.27","United States","NYSE","USD","1.00","USD","-"
"UNFI","UNITED NATURAL FOODS INC","Consumer Staples","Equity","73,752,625.98","0.09","73,752,625.98","1,573,893.00","46.86","United States","NYSE","USD","1.00","USD","-"
"AKR","ACADIA REALTY TRUST REIT","Real Estate","Equity","73,639,299.20","0.09","73,639,299.20","3,498,304.00","21.05","United States","NYSE","USD","1.00","USD","-"
"NTCT","NETSCOUT SYSTEMS","Information Technology","Equity","73,254,589.98","0.09","73,254,589.98","1,881,217.00","38.94","United States","NASDAQ","USD","1.00","USD","-"
"DHT","DHT HOLDINGS","Energy","Equity","73,150,953.02","0.09","73,150,953.02","3,788,242.00","19.31","Bermuda","NYSE","USD","1.00","USD","-"
"DBRG","DIGITALBRIDGE GROUP INC CLASS A","Financials","Equity","73,137,140.39","0.09","73,137,140.39","4,596,929.00","15.91","United States","NYSE","USD","1.00","USD","-"
"KNTK","KINETIK HOLDINGS CLASS A","Energy","Equity","72,514,911.42","0.09","72,514,911.42","1,329,573.00","54.54","United States","NYSE","USD","1.00","USD","-"
"SMR","NUSCALE POWER CORP CLASS A","Industrials","Equity","72,292,150.08","0.09","72,292,150.08","8,367,147.00","8.64","United States","NYSE","USD","1.00","USD","-"
"PHIN","PHINIA","Consumer Discretionary","Equity","72,153,037.00","0.09","72,153,037.00","979,010.00","73.70","United States","NYSE","USD","1.00","USD","-"
"SHAK","SHAKE SHACK INC CLASS A","Consumer Discretionary","Equity","72,113,842.69","0.09","72,113,842.69","1,015,831.00","70.99","United States","NYSE","USD","1.00","USD","-"
"IOVA","IOVANCE BIOTHERAPEUTICS INC","Health Care","Equity","71,951,037.68","0.09","71,951,037.68","10,234,856.00","7.03","United States","NASDAQ","USD","1.00","USD","-"
"LASR","NLIGHT","Information Technology","Equity","71,925,700.00","0.09","71,925,700.00","1,438,514.00","50.00","United States","NASDAQ","USD","1.00","USD","-"
"UE","URBAN EDGE PROPERTIES","Real Estate","Equity","71,898,591.83","0.09","71,898,591.83","3,311,773.00","21.71","United States","NYSE","USD","1.00","USD","-"
"ABM","ABM INDUSTRIES INC","Industrials","Equity","71,832,869.40","0.09","71,832,869.40","1,525,114.00","47.10","United States","NYSE","USD","1.00","USD","-"
"SOUN","SOUNDHOUND AI CLASS A","Information Technology","Equity","71,619,421.17","0.09","71,619,421.17","10,245,983.00","6.99","United States","NASDAQ","USD","1.00","USD","-"
"FRME","FIRST MERCHANTS","Financials","Equity","71,524,942.83","0.09","71,524,942.83","1,654,521.00","43.23","United States","NASDAQ","USD","1.00","USD","-"
"MAN","MANPOWER INC","Industrials","Equity","71,450,052.60","0.09","71,450,052.60","1,201,245.00","59.48","United States","NYSE","USD","1.00","USD","-"
"COHU","COHU","Information Technology","Equity","71,343,932.94","0.09","71,343,932.94","1,204,727.00","59.22","United States","NASDAQ","USD","1.00","USD","-"
"ATRO","ASTRONICS","Industrials","Equity","71,316,574.84","0.09","71,316,574.84","828,107.00","86.12","United States","NASDAQ","USD","1.00","USD","-"
"BRZE","BRAZE INC CLASS A","Information Technology","Equity","71,070,534.08","0.09","71,070,534.08","2,440,609.00","29.12","United States","NASDAQ","USD","1.00","USD","-"
"BHE","BENCHMARK ELECTRONICS INC","Information Technology","Equity","70,843,756.17","0.09","70,843,756.17","923,527.00","76.71","United States","NYSE","USD","1.00","USD","-"
"SUPN","SUPERNUS PHARMACEUTICALS","Health Care","Equity","70,768,234.98","0.09","70,768,234.98","1,443,366.00","49.03","United States","NASDAQ","USD","1.00","USD","-"
"FCPT","FOUR CORNERS PROPERTY INC TRUST","Real Estate","Equity","70,661,440.61","0.09","70,661,440.61","2,838,949.00","24.89","United States","NYSE","USD","1.00","USD","-"
"CARG","CARGURUS CLASS A","Communication","Equity","70,328,410.22","0.09","70,328,410.22","1,941,701.00","36.22","United States","NASDAQ","USD","1.00","USD","-"
"WAY","WAYSTAR HOLDING","Health Care","Equity","70,245,888.00","0.09","70,245,888.00","2,888,400.00","24.32","United States","NASDAQ","USD","1.00","USD","-"
"TDC","TERADATA","Information Technology","Equity","70,168,443.15","0.09","70,168,443.15","2,464,645.00","28.47","United States","NYSE","USD","1.00","USD","-"
"FRSH","FRESHWORKS CLASS A","Information Technology","Equity","70,105,535.76","0.09","70,105,535.76","5,507,112.00","12.73","United States","NASDAQ","USD","1.00","USD","-"
"GPOR","GULFPORT ENERGY","Energy","Equity","69,665,971.98","0.09","69,665,971.98","407,451.00","170.98","United States","NYSE","USD","1.00","USD","-"
"FBNC","FIRST BANCORP","Financials","Equity","69,619,404.27","0.08","69,619,404.27","1,053,403.00","66.09","United States","NASDAQ","USD","1.00","USD","-"
"FBK","FB FINANCIAL","Financials","Equity","69,551,700.90","0.08","69,551,700.90","1,139,258.00","61.05","United States","NYSE","USD","1.00","USD","-"
"PATK","PATRICK INDUSTRIES","Consumer Discretionary","Equity","69,345,353.46","0.08","69,345,353.46","828,202.00","83.73","United States","NASDAQ","USD","1.00","USD","-"
"TBBK","BANCORP INC","Financials","Equity","69,322,800.96","0.08","69,322,800.96","1,014,678.00","68.32","United States","NASDAQ","USD","1.00","USD","-"
"OUST","OUSTER","Information Technology","Equity","69,324,900.18","0.08","69,324,900.18","1,612,582.00","42.99","United States","NASDAQ","USD","1.00","USD","-"
"CBZ","CBIZ","Industrials","Equity","69,186,929.50","0.08","69,186,929.50","1,264,150.00","54.73","United States","NYSE","USD","1.00","USD","-"
"BBT","BEACON FINANCIAL","Financials","Equity","69,175,112.50","0.08","69,175,112.50","2,128,465.00","32.50","United States","NYSE","USD","1.00","USD","-"
"APAM","ARTISAN PARTNERS ASSET MANAGEMENT","Financials","Equity","69,110,320.05","0.08","69,110,320.05","1,658,515.00","41.67","United States","NYSE","USD","1.00","USD","-"
"BANC","BANC OF CALIFORNIA","Financials","Equity","69,085,488.70","0.08","69,085,488.70","3,579,559.00","19.30","United States","NYSE","USD","1.00","USD","-"
"BULL","WEBULL CORP CLASS A","Financials","Equity","69,004,227.24","0.08","69,004,227.24","8,701,668.00","7.93","United States","NASDAQ","USD","1.00","USD","-"
"RH","RH","Consumer Discretionary","Equity","69,007,214.65","0.08","69,007,214.65","403,433.00","171.05","United States","NYSE","USD","1.00","USD","-"
"ALRM","ALARM.COM HOLDINGS","Information Technology","Equity","68,942,086.95","0.08","68,942,086.95","1,240,635.00","55.57","United States","NASDAQ","USD","1.00","USD","-"
"WAFD","WAFD INC","Financials","Equity","68,472,871.78","0.08","68,472,871.78","1,827,893.00","37.46","United States","NASDAQ","USD","1.00","USD","-"
"NBTB","NBT BANCORP","Financials","Equity","68,381,530.56","0.08","68,381,530.56","1,292,168.00","52.92","United States","NASDAQ","USD","1.00","USD","-"
"TRMK","TRUSTMARK","Financials","Equity","68,265,325.91","0.08","68,265,325.91","1,431,439.00","47.69","United States","NASDAQ","USD","1.00","USD","-"
"NOG","NORTHERN OIL AND GAS","Energy","Equity","68,252,103.11","0.08","68,252,103.11","2,688,149.00","25.39","United States","NYSE","USD","1.00","USD","-"
"WRBY","WARBY PARKER INC CLASS A","Consumer Discretionary","Equity","68,195,742.16","0.08","68,195,742.16","2,662,856.00","25.61","United States","NYSE","USD","1.00","USD","-"
"KALU","KAISER ALUMINIUM","Materials","Equity","68,160,823.96","0.08","68,160,823.96","422,729.00","161.24","United States","NASDAQ","USD","1.00","USD","-"
"AXGN","AXOGEN","Health Care","Equity","68,162,888.43","0.08","68,162,888.43","1,358,097.00","50.19","United States","NASDAQ","USD","1.00","USD","-"
"OSW","ONESPAWORLD HOLDINGS LTD","Consumer Discretionary","Equity","68,013,859.76","0.08","68,013,859.76","2,597,932.00","26.18","United States","NASDAQ","USD","1.00","USD","-"
"HLIO","HELIOS TECHNOLOGIES INC","Industrials","Equity","67,749,818.50","0.08","67,749,818.50","852,950.00","79.43","United States","NYSE","USD","1.00","USD","-"
"NGVT","INGEVITY","Materials","Equity","67,695,818.68","0.08","67,695,818.68","914,932.00","73.99","United States","NYSE","USD","1.00","USD","-"
"JOE","ST JOE","Real Estate","Equity","67,433,030.28","0.08","67,433,030.28","1,001,679.00","67.32","United States","NYSE","USD","1.00","USD","-"
"RCUS","ARCUS BIOSCIENCES","Health Care","Equity","67,303,397.98","0.08","67,303,397.98","2,280,698.00","29.51","United States","NYSE","USD","1.00","USD","-"
"BEAM","BEAM THERAPEUTICS","Health Care","Equity","67,137,368.27","0.08","67,137,368.27","2,526,811.00","26.57","United States","NASDAQ","USD","1.00","USD","-"
"PRVA","PRIVIA HEALTH GROUP INC","Health Care","Equity","66,938,024.56","0.08","66,938,024.56","3,110,503.00","21.52","United States","NASDAQ","USD","1.00","USD","-"
"AAMI","ACADIAN ASSET MANAGEMENT INC","Financials","Equity","66,780,796.26","0.08","66,780,796.26","727,222.00","91.83","United States","NYSE","USD","1.00","USD","-"
"NRIX","NURIX THERAPEUTICS INC","Health Care","Equity","66,741,373.04","0.08","66,741,373.04","2,478,328.00","26.93","United States","NASDAQ","USD","1.00","USD","-"
"AEO","AMERICAN EAGLE OUTFITTERS","Consumer Discretionary","Equity","66,676,150.20","0.08","66,676,150.20","4,078,052.00","16.35","United States","NYSE","USD","1.00","USD","-"
"DRH","DIAMONDROCK HOSPITALITY","Real Estate","Equity","66,479,036.69","0.08","66,479,036.69","5,322,581.00","12.49","United States","NASDAQ","USD","1.00","USD","-"
"DXPE","DXP ENTERPRISES","Industrials","Equity","66,393,008.06","0.08","66,393,008.06","335,963.00","197.62","United States","NASDAQ","USD","1.00","USD","-"
"ELVN","ENLIVEN THERAPEUTICS","Health Care","Equity","66,348,216.05","0.08","66,348,216.05","1,104,515.00","60.07","United States","NASDAQ","USD","1.00","USD","-"
"NG","NOVAGOLD RESOURCES INC","Materials","Equity","66,327,643.59","0.08","66,327,643.59","8,951,099.00","7.41","Canada","Nyse Mkt Llc","USD","1.00","USD","-"
"BATRK","ATLANTA BRAVES HOLDINGS SERIES C","Communication","Equity","66,194,224.82","0.08","66,194,224.82","1,265,422.00","52.31","United States","NASDAQ","USD","1.00","USD","-"
"NEOG","NEOGEN","Health Care","Equity","65,995,789.08","0.08","65,995,789.08","5,704,044.00","11.57","United States","NASDAQ","USD","1.00","USD","-"
"ACHC","ACADIA HEALTHCARE COMPANY","Health Care","Equity","65,546,003.98","0.08","65,546,003.98","2,386,963.00","27.46","United States","NASDAQ","USD","1.00","USD","-"
"LCII","LCI INDUSTRIES","Consumer Discretionary","Equity","65,416,071.69","0.08","65,416,071.69","633,447.00","103.27","United States","NYSE","USD","1.00","USD","-"
"VISN","VISTANCE NETWORKS INC","Information Technology","Equity","65,378,532.44","0.08","65,378,532.44","5,745,038.00","11.38","United States","NASDAQ","USD","1.00","USD","-"
"NWL","NEWELL BRANDS INC","Consumer Discretionary","Equity","65,316,447.54","0.08","65,316,447.54","11,014,578.00","5.93","United States","NASDAQ","USD","1.00","USD","-"
"NKTR","NEKTAR THERAPEUTICS","Health Care","Equity","65,238,486.04","0.08","65,238,486.04","885,911.00","73.64","United States","NASDAQ","USD","1.00","USD","-"
"RDW","REDWIRE","Industrials","Equity","65,193,104.58","0.08","65,193,104.58","5,038,107.00","12.94","United States","NYSE","USD","1.00","USD","-"
"BUSE","FIRST BUSEY","Financials","Equity","65,098,535.12","0.08","65,098,535.12","2,105,386.00","30.92","United States","NASDAQ","USD","1.00","USD","-"
"CUBI","CUSTOMERS BANCORP","Financials","Equity","64,605,577.20","0.08","64,605,577.20","799,970.00","80.76","United States","NYSE","USD","1.00","USD","-"
"NTB","BANK OF NT BUTTERFIELD & SON LTD","Financials","Equity","64,273,582.79","0.08","64,273,582.79","1,044,929.00","61.51","United States","NYSE","USD","1.00","USD","-"
"HURN","HURON CONSULTING GROUP","Industrials","Equity","64,247,634.17","0.08","64,247,634.17","424,441.00","151.37","United States","NASDAQ","USD","1.00","USD","-"
"GOLF","ACUSHNET HOLDINGS CORP","Consumer Discretionary","Equity","64,139,100.84","0.08","64,139,100.84","715,998.00","89.58","United States","NYSE","USD","1.00","USD","-"
"IVT","INVENTRUST PROPERTIES","Real Estate","Equity","63,892,897.40","0.08","63,892,897.40","1,912,961.00","33.40","United States","NYSE","USD","1.00","USD","-"
"SLS","SELLAS LIFE SCIENCES GROUP INC","Health Care","Equity","63,825,020.90","0.08","63,825,020.90","4,872,139.00","13.10","United States","NASDAQ","USD","1.00","USD","-"
"LUNR","INTUITIVE MACHINES INC CLASS A","Industrials","Equity","63,647,884.10","0.08","63,647,884.10","3,296,110.00","19.31","United States","NASDAQ","USD","1.00","USD","-"
"BANF","BANCFIRST CORP","Financials","Equity","63,544,033.97","0.08","63,544,033.97","552,701.00","114.97","United States","NASDAQ","USD","1.00","USD","-"
"ROG","ROGERS","Information Technology","Equity","63,526,802.25","0.08","63,526,802.25","464,547.00","136.75","United States","NYSE","USD","1.00","USD","-"
"FIVN","FIVE9","Information Technology","Equity","63,501,242.75","0.08","63,501,242.75","1,956,895.00","32.45","United States","NASDAQ","USD","1.00","USD","-"
"UPST","UPSTART HOLDINGS","Financials","Equity","63,481,137.63","0.08","63,481,137.63","2,180,733.00","29.11","United States","NASDAQ","USD","1.00","USD","-"
"RSI","RUSH STREET INTERACTIVE CLASS A","Consumer Discretionary","Equity","63,420,481.45","0.08","63,420,481.45","2,583,319.00","24.55","United States","NYSE","USD","1.00","USD","-"
"EFSC","ENTERPRISE FINANCIAL SERVICES CORP","Financials","Equity","63,170,802.56","0.08","63,170,802.56","965,324.00","65.44","United States","NASDAQ","USD","1.00","USD","-"
"RARE","ULTRAGENYX PHARMACEUTICAL","Health Care","Equity","63,048,418.93","0.08","63,048,418.93","2,473,457.00","25.49","United States","NASDAQ","USD","1.00","USD","-"
"HWKN","HAWKINS INC","Materials","Equity","62,965,843.20","0.08","62,965,843.20","504,534.00","124.80","United States","NASDAQ","USD","1.00","USD","-"
"HGV","HILTON GRAND VACATIONS","Consumer Discretionary","Equity","62,865,316.88","0.08","62,865,316.88","1,445,512.00","43.49","United States","NYSE","USD","1.00","USD","-"
"SKWD","SKYWARD SPECIALTY INSURANCE GROUP","Financials","Equity","62,823,584.40","0.08","62,823,584.40","1,075,010.00","58.44","United States","NASDAQ","USD","1.00","USD","-"
"PBH","PRESTIGE CONSUMER HEALTHCARE INC","Health Care","Equity","62,501,890.36","0.08","62,501,890.36","1,235,948.00","50.57","United States","NYSE","USD","1.00","USD","-"
"MANE","VERADERMICS","Health Care","Equity","62,012,581.96","0.08","62,012,581.96","557,116.00","111.31","United States","NYSE","USD","1.00","USD","-"
"WTTR","SELECT WATER SOLUTIONS CLASS A","Energy","Equity","61,937,090.91","0.08","61,937,090.91","2,936,799.00","21.09","United States","NYSE","USD","1.00","USD","-"
"NVTS","NAVITAS SEMICONDUCTOR","Information Technology","Equity","61,881,734.13","0.08","61,881,734.13","4,698,689.00","13.17","United States","NASDAQ","USD","1.00","USD","-"
"CNS","COHEN & STEERS INC","Financials","Equity","61,675,236.00","0.08","61,675,236.00","744,870.00","82.80","United States","NYSE","USD","1.00","USD","-"
"VVX","V2X","Industrials","Equity","61,597,852.58","0.08","61,597,852.58","756,173.00","81.46","United States","NYSE","USD","1.00","USD","-"
"HUBG","HUB GROUP CLASS A","Industrials","Equity","61,545,258.81","0.08","61,545,258.81","1,550,649.00","39.69","United States","NASDAQ","USD","1.00","USD","-"
"UFPT","UFP TECHNOLOGIES INC","Health Care","Equity","61,510,954.99","0.08","61,510,954.99","195,901.00","313.99","United States","NASDAQ","USD","1.00","USD","-"
"TRN","TRINITY INDUSTRIES INC","Industrials","Equity","61,445,086.50","0.07","61,445,086.50","2,070,950.00","29.67","United States","NYSE","USD","1.00","USD","-"
"BANR","BANNER CORP","Financials","Equity","61,446,231.42","0.07","61,446,231.42","844,854.00","72.73","United States","NASDAQ","USD","1.00","USD","-"
"NMRK","NEWMARK GROUP INC CLASS A","Real Estate","Equity","61,398,424.56","0.07","61,398,424.56","4,044,692.00","15.18","United States","NASDAQ","USD","1.00","USD","-"
"CXT","CRANE NXT","Information Technology","Equity","61,308,694.90","0.07","61,308,694.90","1,279,931.00","47.90","United States","NYSE","USD","1.00","USD","-"
"CDNA","CAREDX","Health Care","Equity","61,249,134.34","0.07","61,249,134.34","1,326,313.00","46.18","United States","NASDAQ","USD","1.00","USD","-"
"LFST","LIFESTANCE HEALTH GROUP","Health Care","Equity","61,117,740.36","0.07","61,117,740.36","4,944,801.00","12.36","United States","NASDAQ","USD","1.00","USD","-"
"KMT","KENNAMETAL","Industrials","Equity","61,076,967.86","0.07","61,076,967.86","1,986,889.00","30.74","United States","NYSE","USD","1.00","USD","-"
"ALHC","ALIGNMENT HEALTHCARE","Health Care","Equity","60,692,995.44","0.07","60,692,995.44","4,587,528.00","13.23","United States","NASDAQ","USD","1.00","USD","-"
"RAMP","LIVERAMP HOLDINGS INC","Information Technology","Equity","60,501,065.97","0.07","60,501,065.97","1,616,379.00","37.43","United States","NYSE","USD","1.00","USD","-"
"IOSP","INNOSPEC INC","Materials","Equity","60,472,412.44","0.07","60,472,412.44","646,349.00","93.56","United States","NASDAQ","USD","1.00","USD","-"
"PLUS","EPLUS","Information Technology","Equity","60,400,592.74","0.07","60,400,592.74","701,191.00","86.14","United States","NASDAQ","USD","1.00","USD","-"
"CC","CHEMOURS","Materials","Equity","60,391,227.24","0.07","60,391,227.24","3,916,422.00","15.42","United States","NYSE","USD","1.00","USD","-"
"WERN","WERNER ENTERPRISES","Industrials","Equity","60,255,088.74","0.07","60,255,088.74","1,567,918.00","38.43","United States","NASDAQ","USD","1.00","USD","-"
"PENN","PENN ENTERTAINMENT","Consumer Discretionary","Equity","60,179,513.84","0.07","60,179,513.84","3,290,296.00","18.29","United States","NASDAQ","USD","1.00","USD","-"
"IMAX","IMAX CORP","Communication","Equity","60,032,270.10","0.07","60,032,270.10","1,187,582.00","50.55","United States","NYSE","USD","1.00","USD","-"
"LION","LIONSGATE STUDIOS","Communication","Equity","59,989,701.59","0.07","59,989,701.59","5,131,711.00","11.69","United States","NYSE","USD","1.00","USD","-"
"ATAI","ATAIBECKLEY INC","Health Care","Equity","59,544,559.62","0.07","59,544,559.62","8,167,978.00","7.29","United States","NASDAQ","USD","1.00","USD","-"
"ICHR","ICHOR HOLDINGS","Information Technology","Equity","59,515,084.16","0.07","59,515,084.16","900,652.00","66.08","United States","NASDAQ","USD","1.00","USD","-"
"ANDE","ANDERSONS INC","Consumer Staples","Equity","59,517,006.34","0.07","59,517,006.34","864,319.00","68.86","United States","NASDAQ","USD","1.00","USD","-"
"CALX","CALIX NETWORKS","Information Technology","Equity","59,506,322.04","0.07","59,506,322.04","1,519,569.00","39.16","United States","NYSE","USD","1.00","USD","-"
"MZTI","MARZETTI","Consumer Staples","Equity","59,349,289.78","0.07","59,349,289.78","513,491.00","115.58","United States","NASDAQ","USD","1.00","USD","-"
"KWR","QUAKER HOUGHTON CORP","Materials","Equity","59,169,292.49","0.07","59,169,292.49","358,841.00","164.89","United States","NYSE","USD","1.00","USD","-"
"CALY","CALLAWAY GOLF COMPANY","Consumer Discretionary","Equity","58,758,686.82","0.07","58,758,686.82","3,640,563.00","16.14","United States","NYSE","USD","1.00","USD","-"
"PAY","PAYMENTUS HOLDINGS INC CLASS A","Financials","Equity","58,696,008.56","0.07","58,696,008.56","1,531,733.00","38.32","United States","NYSE","USD","1.00","USD","-"
"ATRC","ATRICURE INC","Health Care","Equity","58,661,574.40","0.07","58,661,574.40","1,281,940.00","45.76","United States","NASDAQ","USD","1.00","USD","-"
"IRON","DISC MEDICINE","Health Care","Equity","58,642,079.60","0.07","58,642,079.60","731,198.00","80.20","United States","NASDAQ","USD","1.00","USD","-"
"GPGI","GPGI INC CLASS A","Information Technology","Equity","58,551,783.20","0.07","58,551,783.20","4,676,660.00","12.52","United States","NYSE","USD","1.00","USD","-"
"VCEL","VERICEL","Health Care","Equity","58,531,105.88","0.07","58,531,105.88","1,322,438.00","44.26","United States","NASDAQ","USD","1.00","USD","-"
"BXMT","BLACKSTONE MORTGAGE TRUST REIT CLA","Financials","Equity","58,523,795.26","0.07","58,523,795.26","4,127,207.00","14.18","United States","NYSE","USD","1.00","USD","-"
"XRAY","DENTSPLY SIRONA","Health Care","Equity","58,240,619.80","0.07","58,240,619.80","5,242,180.00","11.11","United States","NASDAQ","USD","1.00","USD","-"
"TILE","INTERFACE","Industrials","Equity","58,133,382.48","0.07","58,133,382.48","1,509,174.00","38.52","United States","NASDAQ","USD","1.00","USD","-"
"PFSI","PENNYMAC FINANCIAL SERVICES","Financials","Equity","58,014,207.30","0.07","58,014,207.30","770,441.00","75.30","United States","NYSE","USD","1.00","USD","-"
"BCRX","BIOCRYST PHARMACEUTICALS","Health Care","Equity","57,993,690.70","0.07","57,993,690.70","5,978,731.00","9.70","United States","NASDAQ","USD","1.00","USD","-"
"AVPT","AVEPOINT CLASS A","Information Technology","Equity","57,847,880.88","0.07","57,847,880.88","4,342,934.00","13.32","United States","NASDAQ","USD","1.00","USD","-"
"NWBI","NORTHWEST BANCSHARES INC","Financials","Equity","57,839,582.12","0.07","57,839,582.12","3,698,183.00","15.64","United States","NASDAQ","USD","1.00","USD","-"
"MTX","MINERALS TECHNOLOGIES","Materials","Equity","57,827,979.44","0.07","57,827,979.44","806,302.00","71.72","United States","NYSE","USD","1.00","USD","-"
"INTA","INTAPP","Information Technology","Equity","57,713,925.12","0.07","57,713,925.12","1,452,288.00","39.74","United States","NASDAQ","USD","1.00","USD","-"
"OCUL","OCULAR THERAPEUTIX","Health Care","Equity","57,522,273.48","0.07","57,522,273.48","5,224,548.00","11.01","United States","NASDAQ","USD","1.00","USD","-"
"HTO","H2O AMERICA","Utilities","Equity","57,467,348.10","0.07","57,467,348.10","907,857.00","63.30","United States","NASDAQ","USD","1.00","USD","-"
"MD","PEDIATRIX MEDICAL GROUP INC","Health Care","Equity","57,178,607.04","0.07","57,178,607.04","2,152,809.00","26.56","United States","NYSE","USD","1.00","USD","-"
"BFH","BREAD FINANCIAL HOLDINGS","Financials","Equity","57,154,395.10","0.07","57,154,395.10","514,441.00","111.10","United States","NYSE","USD","1.00","USD","-"
"SYBT","STOCK YARDS BANCORP INC","Financials","Equity","56,670,675.30","0.07","56,670,675.30","677,069.00","83.70","United States","NASDAQ","USD","1.00","USD","-"
"ADUS","ADDUS HOMECARE CORP","Health Care","Equity","56,643,453.13","0.07","56,643,453.13","479,501.00","118.13","United States","NASDAQ","USD","1.00","USD","-"
"FLYW","FLYWIRE","Financials","Equity","56,639,842.25","0.07","56,639,842.25","3,103,553.00","18.25","United States","NASDAQ","USD","1.00","USD","-"
"AGM","FEDERAL AGRICULTURAL MORTGAGE NON","Financials","Equity","56,609,086.93","0.07","56,609,086.93","247,061.00","229.13","United States","NYSE","USD","1.00","USD","-"
"ADMA","ADMA BIOLOGICS","Health Care","Equity","56,507,757.30","0.07","56,507,757.30","5,923,245.00","9.54","United States","NASDAQ","USD","1.00","USD","-"
"VOYG","VOYAGER TECHNOLOGIES CLASS A","Industrials","Equity","56,468,206.08","0.07","56,468,206.08","1,336,842.00","42.24","United States","NYSE","USD","1.00","USD","-"
"NWN","NORTHWEST NATURAL HOLDING COMPANY","Utilities","Equity","56,455,466.72","0.07","56,455,466.72","1,106,536.00","51.02","United States","NYSE","USD","1.00","USD","-"
"TNK","TEEKAY TANKERS LTD CLASS A","Energy","Equity","56,330,178.30","0.07","56,330,178.30","632,213.00","89.10","Bermuda","NYSE","USD","1.00","USD","-"
"ECPG","ENCORE CAPITAL GROUP","Financials","Equity","56,099,082.81","0.07","56,099,082.81","548,861.00","102.21","United States","NASDAQ","USD","1.00","USD","-"
"OFG","OFG BANCORP","Financials","Equity","55,978,784.40","0.07","55,978,784.40","1,055,208.00","53.05","United States","NYSE","USD","1.00","USD","-"
"PTON","PELOTON INTERACTIVE CLASS A INC","Consumer Discretionary","Equity","55,874,533.41","0.07","55,874,533.41","10,522,511.00","5.31","United States","NASDAQ","USD","1.00","USD","-"
"RUN","SUNRUN INC","Industrials","Equity","55,728,633.86","0.07","55,728,633.86","6,018,211.00","9.26","United States","NASDAQ","USD","1.00","USD","-"
"NCNO","NCINO","Information Technology","Equity","55,591,288.80","0.07","55,591,288.80","2,752,044.00","20.20","United States","NASDAQ","USD","1.00","USD","-"
"VRDN","VIRIDIAN THERAPEUTICS ORS INC","Health Care","Equity","55,561,367.97","0.07","55,561,367.97","2,321,829.00","23.93","United States","NASDAQ","USD","1.00","USD","-"
"FCF","FIRST COMMONWEALTH FINANCIAL CORP","Financials","Equity","55,467,817.60","0.07","55,467,817.60","2,601,680.00","21.32","United States","NYSE","USD","1.00","USD","-"
"NESR","NATIONAL ENERGY SERVICES REUNITED","Energy","Equity","55,444,965.96","0.07","55,444,965.96","1,571,124.00","35.29","United States","NASDAQ","USD","1.00","USD","-"
"HAPN","HAPPEN","Financials","Equity","55,174,534.05","0.07","55,174,534.05","2,971,165.00","18.57","United States","NASDAQ","USD","1.00","USD","-"
"STC","STEWART INFO SERVICES CORP","Financials","Equity","55,091,024.43","0.07","55,091,024.43","810,043.00","68.01","United States","NYSE","USD","1.00","USD","-"
"STNE","STONECO CLASS A","Financials","Equity","54,904,233.12","0.07","54,904,233.12","6,020,201.00","9.12","Brazil","NASDAQ","USD","1.00","USD","-"
"HCI","HCI GROUP INC","Financials","Equity","54,507,802.67","0.07","54,507,802.67","294,589.00","185.03","United States","NYSE","USD","1.00","USD","-"
"HMN","HORACE MANN EDUCATORS CORP","Financials","Equity","54,253,722.25","0.07","54,253,722.25","1,051,225.00","51.61","United States","NYSE","USD","1.00","USD","-"
"GEF","GREIF INC CLASS A","Materials","Equity","54,248,350.29","0.07","54,248,350.29","624,909.00","86.81","United States","NYSE","USD","1.00","USD","-"
"SGHC","SUPER GROUP","Consumer Discretionary","Equity","54,232,202.42","0.07","54,232,202.42","4,230,281.00","12.82","United States","NYSE","USD","1.00","USD","-"
"GRBK","GREEN BRICK PARTNERS","Consumer Discretionary","Equity","53,780,370.20","0.07","53,780,370.20","775,492.00","69.35","United States","NYSE","USD","1.00","USD","-"
"TALO","TALOS ENERGY","Energy","Equity","53,710,027.24","0.07","53,710,027.24","3,283,009.00","16.36","United States","NYSE","USD","1.00","USD","-"
"NEO","NEOGENOMICS","Health Care","Equity","53,595,974.40","0.07","53,595,974.40","3,370,816.00","15.90","United States","NASDAQ","USD","1.00","USD","-"
"URGN","UROGEN PHARMA","Health Care","Equity","53,584,130.64","0.07","53,584,130.64","1,095,342.00","48.92","United States","NASDAQ","USD","1.00","USD","-"
"FLY","FIREFLY AEROSPACE","Industrials","Equity","53,539,660.46","0.07","53,539,660.46","2,048,189.00","26.14","United States","NASDAQ","USD","1.00","USD","-"
"IPAR","INTERPARFUMS INC","Consumer Staples","Equity","53,449,417.56","0.07","53,449,417.56","471,086.00","113.46","United States","NASDAQ","USD","1.00","USD","-"
"ARR","ARMOUR RESIDENTIAL REIT","Financials","Equity","53,246,072.88","0.06","53,246,072.88","3,250,676.00","16.38","United States","NYSE","USD","1.00","USD","-"
"KSS","KOHLS CORP","Consumer Discretionary","Equity","53,132,684.00","0.06","53,132,684.00","2,841,320.00","18.70","United States","NYSE","USD","1.00","USD","-"
"VERA","VERA THERAPEUTICS CLASS A","Health Care","Equity","53,125,617.00","0.06","53,125,617.00","1,645,775.00","32.28","United States","NASDAQ","USD","1.00","USD","-"
"PRLB","PROTO LABS","Industrials","Equity","52,815,476.56","0.06","52,815,476.56","622,237.00","84.88","United States","NYSE","USD","1.00","USD","-"
"PPTA","PERPETUA RESOURCES","Materials","Equity","52,745,237.22","0.06","52,745,237.22","2,217,118.00","23.79","United States","NASDAQ","USD","1.00","USD","-"
"MBX","MBX BIOSCIENCES","Health Care","Equity","52,657,697.64","0.06","52,657,697.64","791,607.00","66.52","United States","NASDAQ","USD","1.00","USD","-"
"PACS","PACS GROUP","Health Care","Equity","52,626,795.00","0.06","52,626,795.00","1,201,525.00","43.80","United States","NYSE","USD","1.00","USD","-"
"AGIO","AGIOS PHARMACEUTICALS","Health Care","Equity","52,360,171.20","0.06","52,360,171.20","1,522,098.00","34.40","United States","NASDAQ","USD","1.00","USD","-"
"CHCO","CITY HOLDING","Financials","Equity","52,315,176.48","0.06","52,315,176.48","357,784.00","146.22","United States","NASDAQ","USD","1.00","USD","-"
"NTST","NETSTREIT","Real Estate","Equity","52,103,579.72","0.06","52,103,579.72","2,537,924.00","20.53","United States","NYSE","USD","1.00","USD","-"
"ESTA","ESTABLISHMENT LABS INC","Health Care","Equity","52,053,894.62","0.06","52,053,894.62","692,068.00","75.22","United States","NASDAQ","USD","1.00","USD","-"
"SPB","SPECTRUM BRANDS HOLDINGS","Consumer Staples","Equity","52,058,160.00","0.06","52,058,160.00","591,570.00","88.00","United States","NYSE","USD","1.00","USD","-"
"WLY","JOHN WILEY AND SONS CLASS A","Communication","Equity","51,781,789.84","0.06","51,781,789.84","1,013,144.00","51.11","United States","NYSE","USD","1.00","USD","-"
"SHO","SUNSTONE HOTEL INVESTORS REIT INC","Real Estate","Equity","51,750,193.46","0.06","51,750,193.46","4,679,041.00","11.06","United States","NYSE","USD","1.00","USD","-"
"CTRI","CENTURI HOLDINGS INC","Industrials","Equity","51,550,607.25","0.06","51,550,607.25","2,275,965.00","22.65","United States","NYSE","USD","1.00","USD","-"
"TRVI","TREVI THERAPEUTICS","Health Care","Equity","51,493,619.88","0.06","51,493,619.88","2,733,207.00","18.84","United States","NASDAQ","USD","1.00","USD","-"
"LTC","LTC PROPERTIES REIT","Real Estate","Equity","51,224,320.00","0.06","51,224,320.00","1,280,608.00","40.00","United States","NYSE","USD","1.00","USD","-"
"PRDO","PERDOCEO EDUCATION","Consumer Discretionary","Equity","51,150,067.08","0.06","51,150,067.08","1,566,138.00","32.66","United States","NASDAQ","USD","1.00","USD","-"
"CRVL","CORVEL","Health Care","Equity","50,888,501.30","0.06","50,888,501.30","755,695.00","67.34","United States","NASDAQ","USD","1.00","USD","-"
"ALGT","ALLEGIANT TRAVEL","Industrials","Equity","50,860,292.50","0.06","50,860,292.50","622,525.00","81.70","United States","NASDAQ","USD","1.00","USD","-"
"TNET","TRINET GROUPINARY","Industrials","Equity","50,727,306.24","0.06","50,727,306.24","726,336.00","69.84","United States","NYSE","USD","1.00","USD","-"
"INOD","INNODATA","Industrials","Equity","50,687,810.94","0.06","50,687,810.94","822,587.00","61.62","United States","NASDAQ","USD","1.00","USD","-"
"ALMS","ALUMIS","Health Care","Equity","50,587,707.84","0.06","50,587,707.84","2,033,268.00","24.88","United States","NASDAQ","USD","1.00","USD","-"
"BLBD","BLUE BIRD","Industrials","Equity","50,385,215.30","0.06","50,385,215.30","819,805.00","61.46","United States","NASDAQ","USD","1.00","USD","-"
"PEB","PEBBLEBROOK HOTEL TRUST REIT","Real Estate","Equity","50,351,150.70","0.06","50,351,150.70","2,751,429.00","18.30","United States","NYSE","USD","1.00","USD","-"
"BBUC","BROOKFIELD BUSINESS CORP CLASS A","Industrials","Equity","50,155,549.96","0.06","50,155,549.96","1,767,908.00","28.37","Canada","NYSE","USD","1.00","USD","-"
"NSP","INSPERITY","Industrials","Equity","49,934,123.28","0.06","49,934,123.28","954,216.00","52.33","United States","NYSE","USD","1.00","USD","-"
"FA","FIRST ADVANTAGE","Industrials","Equity","49,894,813.30","0.06","49,894,813.30","2,381,614.00","20.95","United States","NASDAQ","USD","1.00","USD","-"
"NN","NEXTNAV","Information Technology","Equity","49,825,820.52","0.06","49,825,820.52","2,599,156.00","19.17","United States","NASDAQ","USD","1.00","USD","-"
"ATEN","A10 NETWORKS INC","Information Technology","Equity","49,724,497.20","0.06","49,724,497.20","1,869,342.00","26.60","United States","NYSE","USD","1.00","USD","-"
"GABC","GERMAN AMERICAN BANCORP INC","Financials","Equity","49,554,228.24","0.06","49,554,228.24","972,796.00","50.94","United States","NASDAQ","USD","1.00","USD","-"
"NNI","NELNET CLASS A","Financials","Equity","49,483,567.86","0.06","49,483,567.86","393,758.00","125.67","United States","NYSE","USD","1.00","USD","-"
"SEZL","SEZZLE INC","Financials","Equity","49,447,030.50","0.06","49,447,030.50","421,975.00","117.18","United States","NASDAQ","USD","1.00","USD","-"
"HE","HAWAIIAN ELECTRIC INDUSTRIES","Utilities","Equity","49,323,942.12","0.06","49,323,942.12","4,266,777.00","11.56","United States","NYSE","USD","1.00","USD","-"
"SONO","SONOS","Consumer Discretionary","Equity","49,292,606.19","0.06","49,292,606.19","3,121,761.00","15.79","United States","NASDAQ","USD","1.00","USD","-"
"GTY","GETTY REALTY REIT","Real Estate","Equity","49,273,995.96","0.06","49,273,995.96","1,493,604.00","32.99","United States","NYSE","USD","1.00","USD","-"
"ZD","ZIFF DAVIS INC","Communication","Equity","49,025,196.99","0.06","49,025,196.99","889,911.00","55.09","United States","NASDAQ","USD","1.00","USD","-"
"BFLY","BUTTERFLY NETWORK CLASS A","Health Care","Equity","48,397,482.00","0.06","48,397,482.00","5,377,498.00","9.00","United States","NYSE","USD","1.00","USD","-"
"DXC","DXC TECHNOLOGY","Information Technology","Equity","48,294,781.50","0.06","48,294,781.50","4,599,503.00","10.50","United States","NYSE","USD","1.00","USD","-"
"SMA","SMARTSTOP SELF STORAGE REIT INC","Real Estate","Equity","48,182,959.24","0.06","48,182,959.24","1,411,748.00","34.13","United States","NYSE","USD","1.00","USD","-"
"EVTC","EVERTEC INC","Financials","Equity","48,175,834.08","0.06","48,175,834.08","1,628,112.00","29.59","United States","NYSE","USD","1.00","USD","-"
"EPAC","ENERPAC TOOL GROUP CLASS A","Industrials","Equity","48,129,380.52","0.06","48,129,380.52","1,318,252.00","36.51","United States","NYSE","USD","1.00","USD","-"
"DV","DOUBLEVERIFY HOLDINGS","Communication","Equity","48,099,224.93","0.06","48,099,224.93","3,624,659.00","13.27","United States","NYSE","USD","1.00","USD","-"
"PAYO","PAYONEER GLOBAL INC","Financials","Equity","48,077,265.42","0.06","48,077,265.42","6,761,922.00","7.11","United States","NASDAQ","USD","1.00","USD","-"
"SRPT","SAREPTA THERAPEUTICS","Health Care","Equity","48,053,537.56","0.06","48,053,537.56","2,666,678.00","18.02","United States","NASDAQ","USD","1.00","USD","-"
"KEEL","KEEL INFRASTRUCTURE CORP","Information Technology","Equity","47,948,329.52","0.06","47,948,329.52","15,173,522.00","3.16","Canada","NASDAQ","USD","1.00","USD","-"
"CENTA","CENTRAL GARDEN AND PET CLASS A","Consumer Staples","Equity","47,939,384.48","0.06","47,939,384.48","1,245,826.00","38.48","United States","NASDAQ","USD","1.00","USD","-"
"NBHC","NATIONAL BANK HOLDINGS CORP CLASS","Financials","Equity","47,911,882.11","0.06","47,911,882.11","1,114,489.00","42.99","United States","NYSE","USD","1.00","USD","-"
"GNL","GLOBAL NET LEASE INC","Real Estate","Equity","47,856,648.32","0.06","47,856,648.32","5,413,648.00","8.84","United States","NYSE","USD","1.00","USD","-"
"PLAB","PHOTRONICS","Information Technology","Equity","47,806,100.32","0.06","47,806,100.32","1,499,564.00","31.88","United States","NASDAQ","USD","1.00","USD","-"
"LPG","DORIAN LPG","Energy","Equity","47,541,048.75","0.06","47,541,048.75","975,201.00","48.75","United States","NYSE","USD","1.00","USD","-"
"NVCR","NOVOCURE","Health Care","Equity","47,437,359.88","0.06","47,437,359.88","2,751,587.00","17.24","United States","NASDAQ","USD","1.00","USD","-"
"STRA","STRATEGIC EDUCATION","Consumer Discretionary","Equity","47,393,042.16","0.06","47,393,042.16","578,246.00","81.96","United States","NASDAQ","USD","1.00","USD","-"
"PRGS","PROGRESS SOFTWARE CORP","Information Technology","Equity","47,097,525.52","0.06","47,097,525.52","1,089,716.00","43.22","United States","NASDAQ","USD","1.00","USD","-"
"WKC","WORLD KINECT","Energy","Equity","46,927,182.40","0.06","46,927,182.40","1,297,765.00","36.16","United States","NYSE","USD","1.00","USD","-"
"PRGO","PERRIGO PLC","Health Care","Equity","46,885,395.67","0.06","46,885,395.67","3,614,911.00","12.97","United States","NYSE","USD","1.00","USD","-"
"AMR","ALPHA METALLURGICAL RESOURCE","Materials","Equity","46,774,589.76","0.06","46,774,589.76","276,054.00","169.44","United States","NYSE","USD","1.00","USD","-"
"CASH","PATHWARD FINANCIAL INC","Financials","Equity","46,756,490.24","0.06","46,756,490.24","552,416.00","84.64","United States","NASDAQ","USD","1.00","USD","-"
"AIN","ALBANY INTERNATIONAL CORP CLASS A","Industrials","Equity","46,729,096.96","0.06","46,729,096.96","745,043.00","62.72","United States","NYSE","USD","1.00","USD","-"
"BHVN","BIOHAVEN","Health Care","Equity","46,601,890.45","0.06","46,601,890.45","3,434,185.00","13.57","United States","NYSE","USD","1.00","USD","-"
"XHR","XENIA HOTELS RESORTS REIT","Real Estate","Equity","46,588,211.85","0.06","46,588,211.85","2,417,655.00","19.27","United States","NYSE","USD","1.00","USD","-"
"AUPH","AURINIA PHARMACEUTICALS","Health Care","Equity","46,571,012.10","0.06","46,571,012.10","3,043,857.00","15.30","United States","NASDAQ","USD","1.00","USD","-"
"CLOV","CLOVER HEALTH INVESTMENTS CLASS A","Health Care","Equity","46,513,041.93","0.06","46,513,041.93","10,995,991.00","4.23","United States","NASDAQ","USD","1.00","USD","-"
"MBC","MASTERBRAND","Industrials","Equity","46,136,997.00","0.06","46,136,997.00","5,213,220.00","8.85","United States","NYSE","USD","1.00","USD","-"
"DHC","DIVERSIFIED HEALTHCARE TRUST","Real Estate","Equity","46,119,572.10","0.06","46,119,572.10","5,779,395.00","7.98","United States","NASDAQ","USD","1.00","USD","-"
"WOR","WORTHINGTON ENTERPRISES","Industrials","Equity","45,981,526.65","0.06","45,981,526.65","806,835.00","56.99","United States","NYSE","USD","1.00","USD","-"
"GENI","GENIUS SPORTS LTD","Consumer Discretionary","Equity","45,966,601.87","0.06","45,966,601.87","6,137,063.00","7.49","United Kingdom","NYSE","USD","1.00","USD","-"
"ASTH","ASTRANA HEALTH","Health Care","Equity","45,940,945.60","0.06","45,940,945.60","1,173,160.00","39.16","United States","NASDAQ","USD","1.00","USD","-"
"SPNT","SIRIUSPOINT","Financials","Equity","45,856,489.35","0.06","45,856,489.35","1,947,197.00","23.55","United States","NYSE","USD","1.00","USD","-"
"PGNY","PROGYNY","Health Care","Equity","45,848,360.19","0.06","45,848,360.19","1,783,289.00","25.71","United States","NASDAQ","USD","1.00","USD","-"
"XNCR","XENCOR","Health Care","Equity","45,681,742.26","0.06","45,681,742.26","1,797,786.00","25.41","United States","NASDAQ","USD","1.00","USD","-"
"LMAT","LEMAITRE VASCULAR","Health Care","Equity","45,643,618.64","0.06","45,643,618.64","559,907.00","81.52","United States","NASDAQ","USD","1.00","USD","-"
"SNDX","SYNDAX PHARMACEUTICALS","Health Care","Equity","45,587,486.24","0.06","45,587,486.24","2,289,103.00","19.91","United States","NASDAQ","USD","1.00","USD","-"
"CCS","CENTURY COMMUNITIES INC","Consumer Discretionary","Equity","45,536,019.12","0.06","45,536,019.12","656,517.00","69.36","United States","NYSE","USD","1.00","USD","-"
"TFIN","TRIUMPH FINANCIAL","Financials","Equity","45,370,276.92","0.06","45,370,276.92","594,942.00","76.26","United States","NYSE","USD","1.00","USD","-"
"NUVB","NUVATION BIO CLASS A","Health Care","Equity","45,206,257.92","0.06","45,206,257.92","6,495,152.00","6.96","United States","NYSE","USD","1.00","USD","-"
"STBA","S AND T BANCORP INC","Financials","Equity","45,156,588.75","0.06","45,156,588.75","889,785.00","50.75","United States","NASDAQ","USD","1.00","USD","-"
"STOK","STOKE THERAPEUTICS","Health Care","Equity","44,917,964.08","0.05","44,917,964.08","1,397,572.00","32.14","United States","NASDAQ","USD","1.00","USD","-"
"HRMY","HARMONY BIOSCIENCES HLDG","Health Care","Equity","44,782,639.00","0.05","44,782,639.00","1,153,300.00","38.83","United States","NASDAQ","USD","1.00","USD","-"
"QCRH","QCR HOLDINGS INC","Financials","Equity","44,701,354.63","0.05","44,701,354.63","430,193.00","103.91","United States","NASDAQ","USD","1.00","USD","-"
"QUBT","QUANTUM COMPUTING","Information Technology","Equity","44,623,695.96","0.05","44,623,695.96","5,237,523.00","8.52","United States","NASDAQ","USD","1.00","USD","-"
"HOPE","HOPE BANCORP INC","Financials","Equity","44,527,725.28","0.05","44,527,725.28","3,126,947.00","14.24","United States","NASDAQ","USD","1.00","USD","-"
"JBLU","JETBLUE AIRWAYS","Industrials","Equity","44,353,265.04","0.05","44,353,265.04","8,800,251.00","5.04","United States","NASDAQ","USD","1.00","USD","-"
"CPRI","CAPRI HOLDINGS LTD","Consumer Discretionary","Equity","44,348,032.26","0.05","44,348,032.26","3,075,453.00","14.42","United States","NYSE","USD","1.00","USD","-"
"CTS","CTS CORP","Information Technology","Equity","43,874,951.55","0.05","43,874,951.55","731,615.00","59.97","United States","NYSE","USD","1.00","USD","-"
"BLX","BLADEX INC CLASS E","Financials","Equity","43,649,173.60","0.05","43,649,173.60","798,704.00","54.65","Panama","NYSE","USD","1.00","USD","-"
"TIC","TIC SOLUTIONS INC","Industrials","Equity","43,548,570.60","0.05","43,548,570.60","4,682,642.00","9.30","United States","NYSE","USD","1.00","USD","-"
"HG","HAMILTON INSURANCE GROUP CLASS B","Financials","Equity","43,526,848.04","0.05","43,526,848.04","1,234,454.00","35.26","United States","NYSE","USD","1.00","USD","-"
"ETON","ETON PHARMACEUTCIALS INC","Health Care","Equity","43,517,737.25","0.05","43,517,737.25","686,075.00","63.43","United States","NASDAQ","USD","1.00","USD","-"
"UNIT","UNITI GROUP INC","Communication","Equity","43,469,868.15","0.05","43,469,868.15","4,386,465.00","9.91","United States","NASDAQ","USD","1.00","USD","-"
"HUN","HUNTSMAN CORP","Materials","Equity","43,473,546.30","0.05","43,473,546.30","4,325,726.00","10.05","United States","NYSE","USD","1.00","USD","-"
"FTRE","FORTREA HOLDINGS INC","Health Care","Equity","43,353,868.80","0.05","43,353,868.80","2,463,288.00","17.60","United States","NASDAQ","USD","1.00","USD","-"
"PRG","PROG HOLDINGS INC","Financials","Equity","43,307,068.70","0.05","43,307,068.70","1,042,790.00","41.53","United States","NYSE","USD","1.00","USD","-"
"GT","GOODYEAR TIRE & RUBBER","Consumer Discretionary","Equity","43,297,147.82","0.05","43,297,147.82","7,301,374.00","5.93","United States","NASDAQ","USD","1.00","USD","-"
"ALG","ALAMO GROUP","Industrials","Equity","43,297,367.75","0.05","43,297,367.75","271,883.00","159.25","United States","NYSE","USD","1.00","USD","-"
"GRC","GORMAN-RUPP","Industrials","Equity","43,268,715.00","0.05","43,268,715.00","549,444.00","78.75","United States","NYSE","USD","1.00","USD","-"
"EFC","ELLINGTON FINANCIAL","Financials","Equity","43,114,370.45","0.05","43,114,370.45","3,167,845.00","13.61","United States","NYSE","USD","1.00","USD","-"
"TCBK","TRICO BANCSHARES","Financials","Equity","43,034,733.00","0.05","43,034,733.00","758,990.00","56.70","United States","NASDAQ","USD","1.00","USD","-"
"HLMN","HILLMAN SOLUTIONS CORP","Industrials","Equity","42,982,197.08","0.05","42,982,197.08","5,104,774.00","8.42","United States","NASDAQ","USD","1.00","USD","-"
"DCOM","DIME COMMERCIAL BANCSHARES","Financials","Equity","42,943,025.27","0.05","42,943,025.27","1,056,929.00","40.63","United States","NYSE","USD","1.00","USD","-"
"DMRA","DAMORA THERAPEUTICS INC","Health Care","Equity","42,921,986.40","0.05","42,921,986.40","1,349,748.00","31.80","United States","NASDAQ","USD","1.00","USD","-"
"WWW","WOLVERINE WORLD WIDE","Consumer Discretionary","Equity","42,767,905.35","0.05","42,767,905.35","2,139,465.00","19.99","United States","NYSE","USD","1.00","USD","-"
"LZB","LA-Z-BOY INC","Consumer Discretionary","Equity","42,674,862.72","0.05","42,674,862.72","1,045,184.00","40.83","United States","NYSE","USD","1.00","USD","-"
"TNDM","TANDEM DIABETES CARE","Health Care","Equity","42,665,519.61","0.05","42,665,519.61","1,797,957.00","23.73","United States","NASDAQ","USD","1.00","USD","-"
"INSP","INSPIRE MEDICAL SYSTEMS","Health Care","Equity","42,575,386.20","0.05","42,575,386.20","741,990.00","57.38","United States","NYSE","USD","1.00","USD","-"
"SRCE","1ST SOURCE CORP","Financials","Equity","42,384,819.44","0.05","42,384,819.44","483,128.00","87.73","United States","NASDAQ","USD","1.00","USD","-"
"OMCL","OMNICELL INC","Health Care","Equity","42,318,417.24","0.05","42,318,417.24","1,176,492.00","35.97","United States","NASDAQ","USD","1.00","USD","-"
"TPB","TURNING POINT BRANDS INC","Consumer Staples","Equity","42,256,028.50","0.05","42,256,028.50","488,509.00","86.50","United States","NYSE","USD","1.00","USD","-"
"HTH","HILLTOP HOLDINGS","Financials","Equity","42,244,917.00","0.05","42,244,917.00","1,083,203.00","39.00","United States","NYSE","USD","1.00","USD","-"
"PVLA","PALVELLA THERAPEUTICS INC","Health Care","Equity","42,139,110.06","0.05","42,139,110.06","280,143.00","150.42","United States","NASDAQ","USD","1.00","USD","-"
"PRCH","PORCH GROUP INC","Financials","Equity","42,029,813.64","0.05","42,029,813.64","2,519,773.00","16.68","United States","NASDAQ","USD","1.00","USD","-"
"GLOB","GLOBANT","Information Technology","Equity","41,942,073.81","0.05","41,942,073.81","1,124,151.00","37.31","United States","NYSE","USD","1.00","USD","-"
"LIND","LINDBLAD EXPEDITIONS HOLDINGS","Consumer Discretionary","Equity","41,819,556.70","0.05","41,819,556.70","1,292,722.00","32.35","United States","NASDAQ","USD","1.00","USD","-"
"ALNT","ALLIENT INC","Industrials","Equity","41,779,104.14","0.05","41,779,104.14","384,211.00","108.74","United States","NASDAQ","USD","1.00","USD","-"
"KOS","KOSMOS ENERGY","Energy","Equity","41,772,223.38","0.05","41,772,223.38","15,245,337.00","2.74","United States","NYSE","USD","1.00","USD","-"
"BFC","BANK FIRST CORP","Financials","Equity","41,696,885.56","0.05","41,696,885.56","267,322.00","155.98","United States","NASDAQ","USD","1.00","USD","-"
"DBD","DIEBOLD NIXDORF INC","Information Technology","Equity","41,637,010.78","0.05","41,637,010.78","607,042.00","68.59","United States","NYSE","USD","1.00","USD","-"
"MLKN","MILLERKNOLL","Industrials","Equity","41,583,867.39","0.05","41,583,867.39","1,793,181.00","23.19","United States","NASDAQ","USD","1.00","USD","-"
"ICFI","ICF INTERNATIONAL","Industrials","Equity","41,573,752.00","0.05","41,573,752.00","472,429.00","88.00","United States","NASDAQ","USD","1.00","USD","-"
"BLKB","BLACKBAUD","Information Technology","Equity","41,505,079.12","0.05","41,505,079.12","935,642.00","44.36","United States","NASDAQ","USD","1.00","USD","-"
"OCFC","OCEANFIRST FINANCIAL CORP","Financials","Equity","41,487,561.96","0.05","41,487,561.96","2,121,041.00","19.56","United States","NASDAQ","USD","1.00","USD","-"
"CNOB","CONNECTONE BANCORP","Financials","Equity","41,424,495.17","0.05","41,424,495.17","1,262,557.00","32.81","United States","NASDAQ","USD","1.00","USD","-"
"KOD","KODIAK SCIENCES","Health Care","Equity","41,410,602.15","0.05","41,410,602.15","1,018,711.00","40.65","United States","NASDAQ","USD","1.00","USD","-"
"SBH","SALLY BEAUTY HOLDINGS INC","Consumer Discretionary","Equity","41,353,182.72","0.05","41,353,182.72","2,533,896.00","16.32","United States","NYSE","USD","1.00","USD","-"
"IIPR","INNOVATIVE INDUSTRIAL PROPERTIES I","Real Estate","Equity","41,218,074.56","0.05","41,218,074.56","747,788.00","55.12","United States","NYSE","USD","1.00","USD","-"
"INVA","INNOVIVA","Health Care","Equity","41,088,086.25","0.05","41,088,086.25","1,933,557.00","21.25","United States","NASDAQ","USD","1.00","USD","-"
"OBK","ORIGIN BANCORP INC","Financials","Equity","41,001,893.92","0.05","41,001,893.92","765,532.00","53.56","United States","NYSE","USD","1.00","USD","-"
"STUB","STUBHUB HOLDINGS INC CLASS A","Communication","Equity","40,886,942.22","0.05","40,886,942.22","5,734,494.00","7.13","United States","NYSE","USD","1.00","USD","-"
"PDFS","PDF SOLUTIONS","Information Technology","Equity","40,887,740.96","0.05","40,887,740.96","853,072.00","47.93","United States","NASDAQ","USD","1.00","USD","-"
"ADNT","ADIENT PLC","Consumer Discretionary","Equity","40,541,814.96","0.05","40,541,814.96","2,081,202.00","19.48","United States","NYSE","USD","1.00","USD","-"
"BAND","BANDWIDTH CLASS A","Communication","Equity","40,500,052.92","0.05","40,500,052.92","765,018.00","52.94","United States","NASDAQ","USD","1.00","USD","-"
"NTLA","INTELLIA THERAPEUTICS","Health Care","Equity","40,419,272.00","0.05","40,419,272.00","3,484,420.00","11.60","United States","NASDAQ","USD","1.00","USD","-"
"DCH","DAUCH CORPORATION","Consumer Discretionary","Equity","40,280,827.51","0.05","40,280,827.51","6,206,599.00","6.49","United States","NYSE","USD","1.00","USD","-"
"RXRX","RECURSION PHARMACEUTICALS CLASS A","Health Care","Equity","40,124,159.85","0.05","40,124,159.85","12,985,165.00","3.09","United States","NASDAQ","USD","1.00","USD","-"
"ANIP","ANI PHARMACEUTICALS","Health Care","Equity","40,081,247.92","0.05","40,081,247.92","521,416.00","76.87","United States","NASDAQ","USD","1.00","USD","-"
"LOB","LIVE OAK BANCSHARES","Financials","Equity","39,718,663.80","0.05","39,718,663.80","932,363.00","42.60","United States","NYSE","USD","1.00","USD","-"
"SAFT","SAFETY INSURANCE GROUP INC","Financials","Equity","39,668,195.52","0.05","39,668,195.52","384,084.00","103.28","United States","NASDAQ","USD","1.00","USD","-"
"CMPR","CIMPRESS PLC","Industrials","Equity","39,563,139.12","0.05","39,563,139.12","441,159.00","89.68","United States","NASDAQ","USD","1.00","USD","-"
"WGS","GENEDX HOLDINGS CLASS A","Health Care","Equity","39,494,728.02","0.05","39,494,728.02","517,353.00","76.34","United States","NASDAQ","USD","1.00","USD","-"
"PEBO","PEOPLES BANCORP INC","Financials","Equity","39,488,782.24","0.05","39,488,782.24","963,376.00","40.99","United States","NASDAQ","USD","1.00","USD","-"
"ACT","ENACT HOLDINGS INC","Financials","Equity","39,412,204.56","0.05","39,412,204.56","787,614.00","50.04","United States","NASDAQ","USD","1.00","USD","-"
"HCSG","HEALTHCARE SERVICES GROUP","Industrials","Equity","39,399,808.12","0.05","39,399,808.12","1,795,798.00","21.94","United States","NASDAQ","USD","1.00","USD","-"
"SFL","SFL","Energy","Equity","39,399,942.78","0.05","39,399,942.78","3,169,746.00","12.43","United States","NYSE","USD","1.00","USD","-"
"XPRO","EXPRO LTD","Energy","Equity","39,348,540.00","0.05","39,348,540.00","2,142,000.00","18.37","United States","NYSE","USD","1.00","USD","-"
"MLYS","MINERALYS THERAPEUTICS","Health Care","Equity","39,335,061.66","0.05","39,335,061.66","1,478,206.00","26.61","United States","NASDAQ","USD","1.00","USD","-"
"CNMD","CONMED CORP","Health Care","Equity","39,275,983.20","0.05","39,275,983.20","797,320.00","49.26","United States","NYSE","USD","1.00","USD","-"
"FUN","SIX FLAGS ENTERTAINMENT CORP","Consumer Discretionary","Equity","39,270,372.75","0.05","39,270,372.75","2,493,357.00","15.75","United States","NYSE","USD","1.00","USD","-"
"GSHD","GOOSEHEAD INSURANCE CLASS A","Financials","Equity","39,132,626.30","0.05","39,132,626.30","604,085.00","64.78","United States","NASDAQ","USD","1.00","USD","-"
"BBAI","BIGBEAR.AI HOLDINGS","Information Technology","Equity","39,061,941.36","0.05","39,061,941.36","12,519,853.00","3.12","United States","NYSE","USD","1.00","USD","-"
"INFQ","INFLEQTION INC","Information Technology","Equity","39,049,780.70","0.05","39,049,780.70","3,024,770.00","12.91","United States","NYSE","USD","1.00","USD","-"
"XERS","XERIS BIOPHARMA HOLDINGS","Health Care","Equity","38,981,409.15","0.05","38,981,409.15","4,404,679.00","8.85","United States","NASDAQ","USD","1.00","USD","-"
"MCRI","MONARCH CASINO AND RESORT","Consumer Discretionary","Equity","38,963,181.60","0.05","38,963,181.60","316,080.00","123.27","United States","NASDAQ","USD","1.00","USD","-"
"BL","BLACKLINE INC","Information Technology","Equity","38,886,360.50","0.05","38,886,360.50","1,286,350.00","30.23","United States","NASDAQ","USD","1.00","USD","-"
"RAPP","RAPPORT THERAPEUTICS","Health Care","Equity","38,684,034.09","0.05","38,684,034.09","789,309.00","49.01","United States","NASDAQ","USD","1.00","USD","-"
"SLDE","SLIDE INSURANCE HOLDINGS","Financials","Equity","38,428,840.38","0.05","38,428,840.38","1,726,363.00","22.26","United States","NASDAQ","USD","1.00","USD","-"
"KMPR","KEMPER","Financials","Equity","38,399,746.80","0.05","38,399,746.80","1,465,080.00","26.21","United States","NYSE","USD","1.00","USD","-"
"EYE","NATIONAL VISION HOLDINGS","Consumer Discretionary","Equity","38,400,410.00","0.05","38,400,410.00","2,042,575.00","18.80","United States","NASDAQ","USD","1.00","USD","-"
"ENOV","ENOVIS CORP","Health Care","Equity","38,231,752.72","0.05","38,231,752.72","1,491,098.00","25.64","United States","NYSE","USD","1.00","USD","-"
"TSHA","TAYSHA GENE THERAPIES","Health Care","Equity","38,216,713.36","0.05","38,216,713.36","6,173,944.00","6.19","United States","NASDAQ","USD","1.00","USD","-"
"AMC","AMC ENTERTAINMENT HOLDINGS INC CLA","Communication","Equity","38,173,519.72","0.05","38,173,519.72","16,039,294.00","2.38","United States","NYSE","USD","1.00","USD","-"
"LKFN","LAKELAND FINANCIAL CORP","Financials","Equity","38,161,988.56","0.05","38,161,988.56","620,722.00","61.48","United States","NASDAQ","USD","1.00","USD","-"
"AMPX","AMPRIUS TECHNOLOGIES INC","Industrials","Equity","37,925,073.90","0.05","37,925,073.90","3,541,090.00","10.71","United States","NYSE","USD","1.00","USD","-"
"BLFS","BIOLIFE SOLUTIONS","Health Care","Equity","37,841,452.54","0.05","37,841,452.54","1,083,041.00","34.94","United States","NASDAQ","USD","1.00","USD","-"
"FBRX","FORTE BIOSCIENCES INC","Health Care","Equity","37,628,147.20","0.05","37,628,147.20","489,440.00","76.88","United States","NASDAQ","USD","1.00","USD","-"
"APPN","APPIAN CORP CLASS A","Information Technology","Equity","37,493,646.71","0.05","37,493,646.71","1,029,197.00","36.43","United States","NASDAQ","USD","1.00","USD","-"
"AMSC","AMERICAN SUPERCONDUCTOR CORP","Industrials","Equity","37,496,107.44","0.05","37,496,107.44","1,208,772.00","31.02","United States","NASDAQ","USD","1.00","USD","-"
"HLX","HELIX ENERGY SOLUTIONS GROUP INC","Energy","Equity","37,443,753.24","0.05","37,443,753.24","3,607,298.00","10.38","United States","NYSE","USD","1.00","USD","-"
"DEI","DOUGLAS EMMETT REIT","Real Estate","Equity","37,213,111.65","0.05","37,213,111.65","3,216,345.00","11.57","United States","NYSE","USD","1.00","USD","-"
"PBI","PITNEY BOWES","Industrials","Equity","37,182,041.82","0.05","37,182,041.82","2,299,446.00","16.17","United States","NYSE","USD","1.00","USD","-"
"PAGS","PAGSEGURO DIGITAL LTD CLASS A","Financials","Equity","37,180,850.16","0.05","37,180,850.16","4,405,314.00","8.44","Brazil","NYSE","USD","1.00","USD","-"
"ARLO","ARLO TECHNOLOGIES","Information Technology","Equity","37,069,517.46","0.05","37,069,517.46","2,770,517.00","13.38","United States","NYSE","USD","1.00","USD","-"
"RLJ","RLJ LODGING TRUST REIT","Real Estate","Equity","36,798,594.75","0.04","36,798,594.75","3,288,525.00","11.19","United States","NYSE","USD","1.00","USD","-"
"NAT","NORDIC AMERICAN TANKERS LTD","Energy","Equity","36,744,918.21","0.04","36,744,918.21","5,302,297.00","6.93","United States","NYSE","USD","1.00","USD","-"
"HLIT","HARMONIC","Information Technology","Equity","36,471,959.20","0.04","36,471,959.20","2,865,040.00","12.73","United States","NASDAQ","USD","1.00","USD","-"
"ADIG","ADI GLOBAL DISTRIBUTION","Information Technology","Equity","36,338,320.50","0.04","36,338,320.50","1,772,601.00","20.50","United States","NYSE","USD","1.00","USD","-"
"FLO","FLOWERS FOODS INC","Consumer Staples","Equity","36,187,283.88","0.04","36,187,283.88","4,903,426.00","7.38","United States","NYSE","USD","1.00","USD","-"
"ENR","ENERGIZER HOLDINGS INC","Consumer Staples","Equity","36,032,112.27","0.04","36,032,112.27","1,613,619.00","22.33","United States","NYSE","USD","1.00","USD","-"
"BKE","BUCKLE","Consumer Discretionary","Equity","36,020,388.06","0.04","36,020,388.06","835,546.00","43.11","United States","NYSE","USD","1.00","USD","-"
"GBX","GREENBRIER INC","Industrials","Equity","35,982,721.80","0.04","35,982,721.80","798,020.00","45.09","United States","NYSE","USD","1.00","USD","-"
"UMAC","UNUSUAL MACHINES INC","Information Technology","Equity","35,983,516.58","0.04","35,983,516.58","1,176,701.00","30.58","United States","Nyse Mkt Llc","USD","1.00","USD","-"
"SCL","STEPAN","Materials","Equity","35,947,810.76","0.04","35,947,810.76","566,732.00","63.43","United States","NYSE","USD","1.00","USD","-"
"ROCK","GIBRALTAR INDUSTRIES","Industrials","Equity","35,904,214.71","0.04","35,904,214.71","773,631.00","46.41","United States","NASDAQ","USD","1.00","USD","-"
"AZTA","AZENTA","Health Care","Equity","35,808,826.52","0.04","35,808,826.52","1,085,774.00","32.98","United States","NASDAQ","USD","1.00","USD","-"
"MBIN","MERCHANTS BANCORP","Financials","Equity","35,715,449.60","0.04","35,715,449.60","656,534.00","54.40","United States","NASDAQ","USD","1.00","USD","-"
"TMP","TOMPKINS FINANCIAL CORP","Financials","Equity","35,616,820.00","0.04","35,616,820.00","355,280.00","100.25","United States","Nyse Mkt Llc","USD","1.00","USD","-"
"SAM","BOSTON BEER CLASS A","Consumer Staples","Equity","35,475,781.05","0.04","35,475,781.05","198,577.00","178.65","United States","NYSE","USD","1.00","USD","-"
"APPS","DIGITAL TURBINE","Information Technology","Equity","35,433,680.52","0.04","35,433,680.52","2,923,571.00","12.12","United States","NASDAQ","USD","1.00","USD","-"
"ORC","ORCHID ISLAND CAPITAL INC","Financials","Equity","35,317,670.01","0.04","35,317,670.01","5,295,003.00","6.67","United States","NYSE","USD","1.00","USD","-"
"CRI","CARTERS","Consumer Discretionary","Equity","35,270,117.04","0.04","35,270,117.04","939,034.00","37.56","United States","NYSE","USD","1.00","USD","-"
"MQ","MARQETA CLASS A","Financials","Equity","35,237,046.60","0.04","35,237,046.60","2,276,295.00","15.48","United States","NASDAQ","USD","1.00","USD","-"
"WEN","WENDYS","Consumer Discretionary","Equity","35,190,158.00","0.04","35,190,158.00","4,169,450.00","8.44","United States","NASDAQ","USD","1.00","USD","-"
"WABC","WESTAMERICA BANCORPORATION","Financials","Equity","35,120,800.83","0.04","35,120,800.83","593,357.00","59.19","United States","NASDAQ","USD","1.00","USD","-"
"AMN","AMN HEALTHCARE","Health Care","Equity","35,046,736.34","0.04","35,046,736.34","1,014,671.00","34.54","United States","NYSE","USD","1.00","USD","-"
"INVX","INNOVEX INTERNATIONAL INC","Energy","Equity","35,039,033.55","0.04","35,039,033.55","1,162,157.00","30.15","United States","NYSE","USD","1.00","USD","-"
"NBR","NABORS INDUSTRIES","Energy","Equity","34,954,308.74","0.04","34,954,308.74","372,409.00","93.86","United States","NYSE","USD","1.00","USD","-"
"WD","WALKER & DUNLOP INC","Financials","Equity","34,944,124.93","0.04","34,944,124.93","879,983.00","39.71","United States","NYSE","USD","1.00","USD","-"
"JJSF","J AND J SNACK FOODS CORP","Consumer Staples","Equity","34,905,680.20","0.04","34,905,680.20","392,905.00","88.84","United States","NASDAQ","USD","1.00","USD","-"
"THRM","GENTHERM","Consumer Discretionary","Equity","34,777,172.78","0.04","34,777,172.78","825,277.00","42.14","United States","NASDAQ","USD","1.00","USD","-"
"ALKT","ALKAMI TECHNOLOGY","Information Technology","Equity","34,748,931.66","0.04","34,748,931.66","1,725,369.00","20.14","United States","NASDAQ","USD","1.00","USD","-"
"FIGS","FIGS CLASS A","Consumer Discretionary","Equity","34,647,580.08","0.04","34,647,580.08","2,446,863.00","14.16","United States","NYSE","USD","1.00","USD","-"
"EPC","EDGEWELL PERSONAL CARE","Consumer Staples","Equity","34,620,093.75","0.04","34,620,093.75","1,216,875.00","28.45","United States","NYSE","USD","1.00","USD","-"
"AI","C3 AI INC CLASS A","Information Technology","Equity","34,441,325.52","0.04","34,441,325.52","3,489,496.00","9.87","United States","NYSE","USD","1.00","USD","-"
"PNTG","PENNANT GROUP","Health Care","Equity","34,293,563.00","0.04","34,293,563.00","870,395.00","39.40","United States","NASDAQ","USD","1.00","USD","-"
"CBRL","CRACKER BARREL OLD COUNTRY STORE I","Consumer Discretionary","Equity","34,273,081.66","0.04","34,273,081.66","589,087.00","58.18","United States","NASDAQ","USD","1.00","USD","-"
"UMH","UMH PROPERTIES INC","Real Estate","Equity","34,252,856.76","0.04","34,252,856.76","2,122,234.00","16.14","United States","NYSE","USD","1.00","USD","-"
"HYMC","HYCROFT MINING HOLDING CORP CLASS","Materials","Equity","34,001,343.05","0.04","34,001,343.05","1,405,595.00","24.19","United States","NASDAQ","USD","1.00","USD","-"
"AORT","ARTIVION INC","Health Care","Equity","33,903,717.10","0.04","33,903,717.10","1,173,139.00","28.90","United States","NYSE","USD","1.00","USD","-"
"SHLS","SHOALS TECHNOLOGIES GROUP CLASS A","Industrials","Equity","33,692,390.40","0.04","33,692,390.40","4,387,030.00","7.68","United States","NASDAQ","USD","1.00","USD","-"
"VIA","VIA TRANSPORTATION CLASS A","Information Technology","Equity","33,628,231.08","0.04","33,628,231.08","1,344,054.00","25.02","United States","NYSE","USD","1.00","USD","-"
"ACVA","ACV AUCTIONS CLASS A","Industrials","Equity","33,614,048.93","0.04","33,614,048.93","4,405,511.00","7.63","United States","NYSE","USD","1.00","USD","-"
"CTBI","COMMUNITY TRUST BANCORP","Financials","Equity","33,574,489.96","0.04","33,574,489.96","429,836.00","78.11","United States","NASDAQ","USD","1.00","USD","-"
"DJT","TRUMP MEDIA TECHNOLOGY GROUP CORP","Communication","Equity","33,534,830.94","0.04","33,534,830.94","4,160,649.00","8.06","United States","NASDAQ","USD","1.00","USD","-"
"NSSC","NAPCO SECURITY TECHNOLOGIES","Information Technology","Equity","33,523,669.35","0.04","33,523,669.35","886,635.00","37.81","United States","NASDAQ","USD","1.00","USD","-"
"PGEN","PRECIGEN","Health Care","Equity","33,379,992.00","0.04","33,379,992.00","4,945,184.00","6.75","United States","NASDAQ","USD","1.00","USD","-"
"EFOR","EVERFORTH INC","Information Technology","Equity","33,302,617.95","0.04","33,302,617.95","1,081,605.00","30.79","United States","NYSE","USD","1.00","USD","-"
"XPEL","XPEL","Consumer Discretionary","Equity","33,276,531.12","0.04","33,276,531.12","669,144.00","49.73","United States","NASDAQ","USD","1.00","USD","-"
"USLM","UNITED STATES LIME AND MINERALS IN","Materials","Equity","33,155,112.90","0.04","33,155,112.90","281,190.00","117.91","United States","NASDAQ","USD","1.00","USD","-"
"TWO","TWO HARBORS INVESTMENT","Financials","Equity","33,116,919.55","0.04","33,116,919.55","2,762,045.00","11.99","United States","NYSE","USD","1.00","USD","-"
"IMKTA","INGLES MARKETS CLASS A","Consumer Staples","Equity","33,036,279.84","0.04","33,036,279.84","385,128.00","85.78","United States","NASDAQ","USD","1.00","USD","-"
"LEG","LEGGETT & PLATT","Consumer Discretionary","Equity","33,012,542.16","0.04","33,012,542.16","3,526,981.00","9.36","United States","NYSE","USD","1.00","USD","-"
"FMC","FMC CORP","Materials","Equity","32,955,678.80","0.04","32,955,678.80","3,256,490.00","10.12","United States","NYSE","USD","1.00","USD","-"
"REX","REX AMERICAN RESOURCES","Energy","Equity","32,896,577.92","0.04","32,896,577.92","745,616.00","44.12","United States","NYSE","USD","1.00","USD","-"
"HROW","HARROW","Health Care","Equity","32,897,396.48","0.04","32,897,396.48","832,424.00","39.52","United States","NASDAQ","USD","1.00","USD","-"
"EOSE","EOS ENERGY ENTERPRISES CLASS A","Industrials","Equity","32,883,607.37","0.04","32,883,607.37","8,960,111.00","3.67","United States","NASDAQ","USD","1.00","USD","-"
"OSBC","OLD SECOND BANCORP INC","Financials","Equity","32,849,110.88","0.04","32,849,110.88","1,280,168.00","25.66","United States","NASDAQ","USD","1.00","USD","-"
"HLF","HERBALIFE LTD","Consumer Staples","Equity","32,739,673.56","0.04","32,739,673.56","2,653,134.00","12.34","United States","NYSE","USD","1.00","USD","-"
"BJRI","BJS RESTAURANTS INC","Consumer Discretionary","Equity","32,576,628.00","0.04","32,576,628.00","498,800.00","65.31","United States","NASDAQ","USD","1.00","USD","-"
"CGEM","CULLINAN THERAPEUTICS","Health Care","Equity","32,509,649.76","0.04","32,509,649.76","1,559,964.00","20.84","United States","NASDAQ","USD","1.00","USD","-"
"GCT","GIGACLOUD TECHNOLOGY INC CLASS A","Consumer Discretionary","Equity","32,438,214.20","0.04","32,438,214.20","661,060.00","49.07","United States","NASDAQ","USD","1.00","USD","-"
"SCSC","SCANSOURCE","Information Technology","Equity","32,444,533.17","0.04","32,444,533.17","620,473.00","52.29","United States","NASDAQ","USD","1.00","USD","-"
"DLO","DLOCAL CLASS A","Financials","Equity","32,351,570.24","0.04","32,351,570.24","2,371,816.00","13.64","United States","NASDAQ","USD","1.00","USD","-"
"COUR","COURSERA","Consumer Discretionary","Equity","32,309,828.57","0.04","32,309,828.57","5,678,353.00","5.69","United States","NYSE","USD","1.00","USD","-"
"SLVM","SYLVAMO CORP","Materials","Equity","32,278,934.48","0.04","32,278,934.48","874,294.00","36.92","United States","NYSE","USD","1.00","USD","-"
"MNKD","MANNKIND","Health Care","Equity","32,156,793.24","0.04","32,156,793.24","7,900,932.00","4.07","United States","NASDAQ","USD","1.00","USD","-"
"FMBH","FIRST MID BANCSHARES INC","Financials","Equity","32,145,106.52","0.04","32,145,106.52","624,662.00","51.46","United States","NASDAQ","USD","1.00","USD","-"
"REAL","THE REALREAL","Consumer Discretionary","Equity","32,134,471.85","0.04","32,134,471.85","2,908,097.00","11.05","United States","NASDAQ","USD","1.00","USD","-"
"GIII","G III APPAREL GROUP LTD","Consumer Discretionary","Equity","32,096,044.80","0.04","32,096,044.80","951,840.00","33.72","United States","NASDAQ","USD","1.00","USD","-"
"PUMP","PROPETRO HOLDING","Energy","Equity","31,977,799.98","0.04","31,977,799.98","2,583,021.00","12.38","United States","NYSE","USD","1.00","USD","-"
"REPL","REPLIMUNE GROUP","Health Care","Equity","31,929,169.02","0.04","31,929,169.02","2,049,369.00","15.58","United States","NASDAQ","USD","1.00","USD","-"
"OMER","OMEROS","Health Care","Equity","31,899,362.67","0.04","31,899,362.67","1,855,693.00","17.19","United States","NASDAQ","USD","1.00","USD","-"
"WLDN","WILLDAN GROUP INC","Industrials","Equity","31,884,514.62","0.04","31,884,514.62","377,153.00","84.54","United States","NASDAQ","USD","1.00","USD","-"
"HFWA","HERITAGE FINANCIAL CORP","Financials","Equity","31,887,016.95","0.04","31,887,016.95","1,082,751.00","29.45","United States","NASDAQ","USD","1.00","USD","-"
"RYZ","RYERSON HOLDING","Materials","Equity","31,780,315.71","0.04","31,780,315.71","1,158,597.00","27.43","United States","NYSE","USD","1.00","USD","-"
"YELP","YELP","Communication","Equity","31,759,251.52","0.04","31,759,251.52","1,359,557.00","23.36","United States","NYSE","USD","1.00","USD","-"
"WS","WORTHINGTON STEEL INC","Materials","Equity","31,722,231.45","0.04","31,722,231.45","861,315.00","36.83","United States","NYSE","USD","1.00","USD","-"
"BY","BYLINE BANCORP INC","Financials","Equity","31,703,319.06","0.04","31,703,319.06","811,034.00","39.09","United States","NYSE","USD","1.00","USD","-"
"IE","IVANHOE ELECTRIC","Materials","Equity","31,624,771.15","0.04","31,624,771.15","3,115,741.00","10.15","United States","Nyse Mkt Llc","USD","1.00","USD","-"
"AMPL","AMPLITUDE CLASS A","Information Technology","Equity","31,567,385.42","0.04","31,567,385.42","2,507,338.00","12.59","United States","NASDAQ","USD","1.00","USD","-"
"BRBR","BELLRING BRANDS","Consumer Staples","Equity","31,503,185.82","0.04","31,503,185.82","3,034,989.00","10.38","United States","NYSE","USD","1.00","USD","-"
"BW","BABCOCK AND WILCOX ENTERPRISES","Industrials","Equity","31,398,340.38","0.04","31,398,340.38","3,435,267.00","9.14","United States","NYSE","USD","1.00","USD","-"
"UVSP","UNIVEST FINANCIAL CORP","Financials","Equity","31,357,923.85","0.04","31,357,923.85","730,103.00","42.95","United States","NASDAQ","USD","1.00","USD","-"
"ABSI","ABSCI CORP","Health Care","Equity","31,359,134.25","0.04","31,359,134.25","3,543,405.00","8.85","United States","NASDAQ","USD","1.00","USD","-"
"VSTS","VESTIS","Industrials","Equity","31,350,821.48","0.04","31,350,821.48","2,409,748.00","13.01","United States","NYSE","USD","1.00","USD","-"
"VTOL","BRISTOW GROUP","Energy","Equity","31,326,762.61","0.04","31,326,762.61","682,649.00","45.89","United States","NYSE","USD","1.00","USD","-"
"MYE","MYERS INDUSTRIES INC","Materials","Equity","31,297,478.45","0.04","31,297,478.45","973,483.00","32.15","United States","NYSE","USD","1.00","USD","-"
"HOG","HARLEY DAVIDSON","Consumer Discretionary","Equity","31,238,119.85","0.04","31,238,119.85","1,147,195.00","27.23","United States","NYSE","USD","1.00","USD","-"
"ZYME","ZYMEWORKS","Health Care","Equity","31,129,352.76","0.04","31,129,352.76","1,194,068.00","26.07","United States","NASDAQ","USD","1.00","USD","-"
"NVAX","NOVAVAX","Health Care","Equity","30,947,237.36","0.04","30,947,237.36","3,902,552.00","7.93","United States","NASDAQ","USD","1.00","USD","-"
"UTI","UNIVERSAL TECHNICAL INSTITUTE","Consumer Discretionary","Equity","30,949,695.12","0.04","30,949,695.12","1,236,504.00","25.03","United States","NYSE","USD","1.00","USD","-"
"GBTG","GLOBAL BUSINESS TRAVEL GROUP CLASS","Consumer Discretionary","Equity","30,929,339.70","0.04","30,929,339.70","3,272,946.00","9.45","United States","NYSE","USD","1.00","USD","-"
"DFIN","DONNELLEY FINANCIAL SOLUTIONS","Financials","Equity","30,906,595.40","0.04","30,906,595.40","638,830.00","48.38","United States","NYSE","USD","1.00","USD","-"
"IART","INTEGRA LIFESCIENCES HOLDINGS","Health Care","Equity","30,899,214.45","0.04","30,899,214.45","1,760,639.00","17.55","United States","NASDAQ","USD","1.00","USD","-"
"UFCS","UNITED FIRE GROUP INC","Financials","Equity","30,848,739.48","0.04","30,848,739.48","575,107.00","53.64","United States","NASDAQ","USD","1.00","USD","-"
"AGL","AGILON HEALTH","Health Care","Equity","30,778,615.80","0.04","30,778,615.80","322,627.00","95.40","United States","NYSE","USD","1.00","USD","-"
"PRCT","PROCEPT BIOROBOTICS CORP","Health Care","Equity","30,744,676.56","0.04","30,744,676.56","1,442,058.00","21.32","United States","NASDAQ","USD","1.00","USD","-"
"PDM","PIEDMONT REALTY TRUST CLASS A","Real Estate","Equity","30,724,379.40","0.04","30,724,379.40","3,268,551.00","9.40","United States","NYSE","USD","1.00","USD","-"
"USPH","US PHYSICAL THERAPY INC","Health Care","Equity","30,618,041.85","0.04","30,618,041.85","391,485.00","78.21","United States","NYSE","USD","1.00","USD","-"
"GHM","GRAHAM CORP","Industrials","Equity","30,531,172.95","0.04","30,531,172.95","274,635.00","111.17","United States","NYSE","USD","1.00","USD","-"
"TNC","TENNANT","Industrials","Equity","30,518,759.66","0.04","30,518,759.66","460,591.00","66.26","United States","NYSE","USD","1.00","USD","-"
"TDOC","TELADOC HEALTH INC","Health Care","Equity","30,468,698.69","0.04","30,468,698.69","4,709,227.00","6.47","United States","NYSE","USD","1.00","USD","-"
"SBET","SHARPLINK INC","Financials","Equity","30,442,077.82","0.04","30,442,077.82","4,839,758.00","6.29","United States","NASDAQ","USD","1.00","USD","-"
"ATEC","ALPHATEC HOLDNGS INC","Health Care","Equity","30,371,947.99","0.04","30,371,947.99","3,186,983.00","9.53","United States","NASDAQ","USD","1.00","USD","-"
"FCEL","FUELCELL ENERGY INC","Industrials","Equity","30,315,854.80","0.04","30,315,854.80","1,397,044.00","21.70","United States","NASDAQ","USD","1.00","USD","-"
"ARX","ACCELERANT HOLDINGS CLASS A","Financials","Equity","30,303,408.24","0.04","30,303,408.24","1,549,254.00","19.56","United States","NYSE","USD","1.00","USD","-"
"BTDR","BITDEER TECHNOLOGIES GROUP CLASS A","Information Technology","Equity","30,296,718.00","0.04","30,296,718.00","3,366,302.00","9.00","Singapore","NASDAQ","USD","1.00","USD","-"
"AMBQ","AMBIQ MICRO","Information Technology","Equity","30,215,374.33","0.04","30,215,374.33","479,533.00","63.01","United States","NYSE","USD","1.00","USD","-"
"TRIP","TRIPADVISOR","Communication","Equity","30,154,756.17","0.04","30,154,756.17","2,947,679.00","10.23","United States","NASDAQ","USD","1.00","USD","-"
"NP","NEPTUNE INSURANCE HOLDINGS CLASS A","Financials","Equity","30,128,931.00","0.04","30,128,931.00","956,474.00","31.50","United States","NYSE","USD","1.00","USD","-"
"LGIH","LGI HOMES","Consumer Discretionary","Equity","30,049,610.71","0.04","30,049,610.71","532,889.00","56.39","United States","NASDAQ","USD","1.00","USD","-"
"ANAB","ANAPTYSBIO","Health Care","Equity","30,033,578.70","0.04","30,033,578.70","509,130.00","58.99","United States","NASDAQ","USD","1.00","USD","-"
"NEXT","NEXTDECADE","Energy","Equity","29,867,668.04","0.04","29,867,668.04","4,316,137.00","6.92","United States","NASDAQ","USD","1.00","USD","-"
"LNN","LINDSAY","Industrials","Equity","29,652,825.80","0.04","29,652,825.80","265,231.00","111.80","United States","NYSE","USD","1.00","USD","-"
"NPKI","NPK INTERNATIONAL","Industrials","Equity","29,599,655.52","0.04","29,599,655.52","2,112,752.00","14.01","United States","NYSE","USD","1.00","USD","-"
"VIR","VIR BIOTECHNOLOGY","Health Care","Equity","29,600,287.47","0.04","29,600,287.47","3,119,103.00","9.49","United States","NASDAQ","USD","1.00","USD","-"
"BHRB","BURKE HERBERT FINANCIAL SERVICES C","Financials","Equity","29,574,834.48","0.04","29,574,834.48","408,718.00","72.36","United States","NASDAQ","USD","1.00","USD","-"
"PWP","PERELLA WEINBERG PARTNERS CLASS A","Financials","Equity","29,495,874.87","0.04","29,495,874.87","1,824,111.00","16.17","United States","NASDAQ","USD","1.00","USD","-"
"PLGO","PELAGOS INSURANCE CAPITAL LTD","Financials","Equity","29,480,493.77","0.04","29,480,493.77","1,249,703.00","23.59","Bermuda","NYSE","USD","1.00","USD","-"
"UVV","UNIVERSAL","Consumer Staples","Equity","29,409,549.90","0.04","29,409,549.90","661,930.00","44.43","United States","NYSE","USD","1.00","USD","-"
"QNST","QUINSTREET INC","Communication","Equity","29,397,592.44","0.04","29,397,592.44","1,416,069.00","20.76","United States","NASDAQ","USD","1.00","USD","-"
"SGRY","SURGERY PARTNERS","Health Care","Equity","29,349,380.48","0.04","29,349,380.48","2,061,052.00","14.24","United States","NASDAQ","USD","1.00","USD","-"
"ECVT","ECOVYST","Materials","Equity","29,339,311.34","0.04","29,339,311.34","2,845,714.00","10.31","United States","NYSE","USD","1.00","USD","-"
"AAT","AMERICAN ASSETS TRUST REIT","Real Estate","Equity","29,309,194.20","0.04","29,309,194.20","1,296,867.00","22.60","United States","NYSE","USD","1.00","USD","Jan 01, 1970"
"SNDA","SONIDA SENIOR LIVING","Health Care","Equity","29,282,489.47","0.04","29,282,489.47","723,203.00","40.49","United States","NYSE","USD","1.00","USD","-"
"BLZE","BACKBLAZE INC CLASS A","Information Technology","Equity","29,274,720.00","0.04","29,274,720.00","1,524,725.00","19.20","United States","NASDAQ","USD","1.00","USD","-"
"RCAT","RED CAT HOLDINGS INC","Industrials","Equity","29,280,726.86","0.04","29,280,726.86","2,869,253.00","10.21","United States","NASDAQ","USD","1.00","USD","-"
"AVBP","ARRIVENT BIOPHARMA","Health Care","Equity","29,207,160.00","0.04","29,207,160.00","973,572.00","30.00","United States","NASDAQ","USD","1.00","USD","-"
"PLPC","PREFORMED LINE PRODUCTS","Industrials","Equity","29,121,105.76","0.04","29,121,105.76","65,476.00","444.76","United States","NASDAQ","USD","1.00","USD","-"
"VRTS","VIRTUS INVESTMENT PARTNERS INC","Financials","Equity","29,123,024.28","0.04","29,123,024.28","174,588.00","166.81","United States","NYSE","USD","1.00","USD","-"
"LADR","LADDER CAPITAL CORP CLASS A","Financials","Equity","29,073,105.74","0.04","29,073,105.74","2,933,714.00","9.91","United States","NYSE","USD","1.00","USD","-"
"GPRE","GREEN PLAINS","Energy","Equity","28,970,985.74","0.04","28,970,985.74","1,790,543.00","16.18","United States","NASDAQ","USD","1.00","USD","-"
"CBL","CBL ASSOCIATES PROPERTIES","Real Estate","Equity","28,822,545.38","0.04","28,822,545.38","508,693.00","56.66","United States","NYSE","USD","1.00","USD","-"
"UVE","UNIVERSAL INSURANCE HOLDINGS INC","Financials","Equity","28,716,659.30","0.04","28,716,659.30","669,230.00","42.91","United States","NYSE","USD","1.00","USD","-"
"GLUE","MONTE ROSA THERAPEUTICS","Health Care","Equity","28,650,651.93","0.03","28,650,651.93","1,906,231.00","15.03","United States","NASDAQ","USD","1.00","USD","-"
"MBWM","MERCANTILE BANK CORP","Financials","Equity","28,598,491.23","0.03","28,598,491.23","469,829.00","60.87","United States","NASDAQ","USD","1.00","USD","-"
"CVI","CVR ENERGY INC","Energy","Equity","28,456,481.82","0.03","28,456,481.82","776,227.00","36.66","United States","NYSE","USD","1.00","USD","-"
"VYX","NCR VOYIX","Information Technology","Equity","28,323,700.88","0.03","28,323,700.88","3,736,636.00","7.58","United States","NYSE","USD","1.00","USD","-"
"BCAX","BICARA THERAPEUTICS INC","Health Care","Equity","28,326,489.24","0.03","28,326,489.24","1,136,697.00","24.92","United States","NASDAQ","USD","1.00","USD","-"
"NWPX","NWPX INFRASTRUCTURE INC","Industrials","Equity","28,158,471.25","0.03","28,158,471.25","247,547.00","113.75","United States","NASDAQ","USD","1.00","USD","-"
"LBRX","LB PHARMACEUTICALS INC","Health Care","Equity","28,049,333.95","0.03","28,049,333.95","575,135.00","48.77","United States","NASDAQ","USD","1.00","USD","-"
"BRSL","BRIGHTSTAR LOTTERY PLC","Consumer Discretionary","Equity","28,021,928.00","0.03","28,021,928.00","2,547,448.00","11.00","United States","NYSE","USD","1.00","USD","-"
"IDT","IDT CLASS B","Communication","Equity","27,871,563.70","0.03","27,871,563.70","418,178.00","66.65","United States","NYSE","USD","1.00","USD","-"
"DEA","EASTERLY GOVERNMENT PROPERTIES INC","Real Estate","Equity","27,763,375.50","0.03","27,763,375.50","1,133,199.00","24.50","United States","NYSE","USD","1.00","USD","-"
"MSEX","MIDDLESEX WATER","Utilities","Equity","27,526,361.04","0.03","27,526,361.04","468,016.00","58.81","United States","NASDAQ","USD","1.00","USD","-"
"TRS","TRIMAS","Materials","Equity","27,501,930.30","0.03","27,501,930.30","708,630.00","38.81","United States","NASDAQ","USD","1.00","USD","-"
"DLX","DELUXE","Industrials","Equity","27,364,947.28","0.03","27,364,947.28","1,173,454.00","23.32","United States","NYSE","USD","1.00","USD","-"
"BFST","BUSINESS FIRST BANCSHARES INC","Financials","Equity","27,369,644.88","0.03","27,369,644.88","856,104.00","31.97","United States","NASDAQ","USD","1.00","USD","-"
"LWLG","LIGHTWAVE LOGIC","Information Technology","Equity","27,348,838.64","0.03","27,348,838.64","4,118,801.00","6.64","United States","NASDAQ","USD","1.00","USD","-"
"CCNE","CNB FINANCIAL CORP","Financials","Equity","27,301,247.76","0.03","27,301,247.76","784,068.00","34.82","United States","NASDAQ","USD","1.00","USD","-"
"CRAI","CRA INTERNATIONAL INC","Industrials","Equity","27,261,870.53","0.03","27,261,870.53","162,109.00","168.17","United States","NASDAQ","USD","1.00","USD","-"
"MCB","METROPOLITAN BANK HOLDING CORP","Financials","Equity","27,253,033.19","0.03","27,253,033.19","294,341.00","92.59","United States","NYSE","USD","1.00","USD","-"
"HBNC","HORIZON BANCORP INC","Financials","Equity","27,178,911.24","0.03","27,178,911.24","1,340,183.00","20.28","United States","NASDAQ","USD","1.00","USD","-"
"ALH","ALLIANCE LAUNDRY HOLDINGS","Industrials","Equity","27,130,656.00","0.03","27,130,656.00","1,130,444.00","24.00","United States","NYSE","USD","1.00","USD","-"
"UPBD","UPBOUND GROUP","Consumer Discretionary","Equity","27,113,031.99","0.03","27,113,031.99","1,414,347.00","19.17","United States","NASDAQ","USD","1.00","USD","-"
"BORR","BORR DRILLING","Energy","Equity","27,110,164.68","0.03","27,110,164.68","6,119,676.00","4.43","Norway","NYSE","USD","1.00","USD","-"
"TRUP","TRUPANION","Financials","Equity","27,090,212.67","0.03","27,090,212.67","903,911.00","29.97","United States","NASDAQ","USD","1.00","USD","-"
"KURA","KURA ONCOLOGY","Health Care","Equity","27,025,091.28","0.03","27,025,091.28","2,191,816.00","12.33","United States","NASDAQ","USD","1.00","USD","-"
"AESI","ATLAS ENERGY SOLUTIONS","Energy","Equity","26,984,031.25","0.03","26,984,031.25","2,133,125.00","12.65","United States","NYSE","USD","1.00","USD","-"
"DOLE","DOLE PLC","Consumer Staples","Equity","26,906,119.64","0.03","26,906,119.64","2,082,517.00","12.92","United States","NYSE","USD","1.00","USD","-"
"GO","GROCERY OUTLET HOLDING","Consumer Staples","Equity","26,887,291.34","0.03","26,887,291.34","2,431,039.00","11.06","United States","NASDAQ","USD","1.00","USD","-"
"LILAK","LIBERTY LATIN AMERICA CLASS C","Communication","Equity","26,851,255.30","0.03","26,851,255.30","3,235,091.00","8.30","United States","NASDAQ","USD","1.00","USD","-"
"ORIC","ORIC PHARMACEUTICALS","Health Care","Equity","26,796,849.12","0.03","26,796,849.12","1,925,061.00","13.92","United States","NASDAQ","USD","1.00","USD","-"
"NBN","NORTHEAST BANK","Financials","Equity","26,771,090.50","0.03","26,771,090.50","198,275.00","135.02","United States","NASDAQ","USD","1.00","USD","-"
"TTI","TETRA TECHNOLOGIES","Energy","Equity","26,753,181.42","0.03","26,753,181.42","3,352,529.00","7.98","United States","NYSE","USD","1.00","USD","-"
"ATEX","ANTERIX INC","Communication","Equity","26,739,306.00","0.03","26,739,306.00","294,648.00","90.75","United States","NASDAQ","USD","1.00","USD","-"
"CDRE","CADRE HOLDINGS INC","Industrials","Equity","26,721,967.35","0.03","26,721,967.35","798,863.00","33.45","United States","NYSE","USD","1.00","USD","-"
"UTZ","UTZ BRANDS INC CLASS A","Consumer Staples","Equity","26,711,353.20","0.03","26,711,353.20","1,886,395.00","14.16","United States","NYSE","USD","1.00","USD","-"
"HZO","MARINEMAX INC","Consumer Discretionary","Equity","26,667,736.96","0.03","26,667,736.96","511,072.00","52.18","United States","NYSE","USD","1.00","USD","-"
"CFFN","CAPITOL FEDERAL FINANCIAL INC","Financials","Equity","26,636,679.36","0.03","26,636,679.36","3,082,949.00","8.64","United States","NASDAQ","USD","1.00","USD","Jan 01, 1970"
"FLNC","FLUENCE ENERGY INC CLASS A","Industrials","Equity","26,640,281.50","0.03","26,640,281.50","2,267,258.00","11.75","United States","NASDAQ","USD","1.00","USD","-"
"CAC","CAMDEN NATIONAL CORP","Financials","Equity","26,536,124.16","0.03","26,536,124.16","455,634.00","58.24","United States","NASDAQ","USD","1.00","USD","-"
"UPWK","UPWORK","Industrials","Equity","26,505,712.08","0.03","26,505,712.08","3,121,992.00","8.49","United States","NASDAQ","USD","1.00","USD","-"
"MAZE","MAZE THERAPEUTICS","Health Care","Equity","26,501,396.19","0.03","26,501,396.19","909,763.00","29.13","United States","NASDAQ","USD","1.00","USD","-"
"THFF","FIRST FINANCIAL CORPORATION CORP","Financials","Equity","26,462,325.24","0.03","26,462,325.24","323,817.00","81.72","United States","NASDAQ","USD","1.00","USD","-"
"LQDT","LIQUIDITY SERVICES INC","Industrials","Equity","26,445,054.30","0.03","26,445,054.30","611,305.00","43.26","United States","NASDAQ","USD","1.00","USD","-"
"TRAX","FIRST TRACKS BIOTHERAPEUTICS INC","Health Care","Equity","26,373,898.48","0.03","26,373,898.48","601,046.00","43.88","United States","NASDAQ","USD","1.00","USD","-"
"TGLS","TECNOGLASS HOLDINGS","Industrials","Equity","26,300,677.44","0.03","26,300,677.44","662,152.00","39.72","United States","NYSE","USD","1.00","USD","-"
"DMC","DEL MONTE","Consumer Staples","Equity","26,238,906.53","0.03","26,238,906.53","862,271.00","30.43","United States","NYSE","USD","1.00","USD","-"
"UAA","UNDER ARMOUR INC CLASS A","Consumer Discretionary","Equity","26,071,334.25","0.03","26,071,334.25","5,142,275.00","5.07","United States","NYSE","USD","1.00","USD","-"
"DEC","DIVERSIFIED ENERGY COMPANY","Energy","Equity","26,048,102.40","0.03","26,048,102.40","1,808,896.00","14.40","United States","NYSE","USD","1.00","USD","-"
"CRVS","CORVUS PHARMACEUTICALS","Health Care","Equity","25,977,444.06","0.03","25,977,444.06","1,751,682.00","14.83","United States","NASDAQ","USD","1.00","USD","-"
"SDGR","SCHRODINGER INC","Health Care","Equity","25,961,064.39","0.03","25,961,064.39","1,469,217.00","17.67","United States","NASDAQ","USD","1.00","USD","-"
"CNXN","PC CONNECTION INC","Information Technology","Equity","25,916,550.40","0.03","25,916,550.40","328,640.00","78.86","United States","NASDAQ","USD","1.00","USD","-"
"PRSU","PURSUIT ATTRACTIONS AND HOSPITALIT","Consumer Discretionary","Equity","25,920,584.28","0.03","25,920,584.28","539,338.00","48.06","United States","NYSE","USD","1.00","USD","-"
"CNXC","CONCENTRIX","Industrials","Equity","25,901,986.32","0.03","25,901,986.32","1,094,296.00","23.67","United States","NASDAQ","USD","1.00","USD","-"
"WINA","WINMARK","Consumer Discretionary","Equity","25,883,648.70","0.03","25,883,648.70","75,390.00","343.33","United States","NASDAQ","USD","1.00","USD","-"
"PCT","PURECYCLE TECHNOLOGIES","Materials","Equity","25,792,755.36","0.03","25,792,755.36","3,748,947.00","6.88","United States","NASDAQ","USD","1.00","USD","-"
"CIM","CHIMERA INVESTMENT","Financials","Equity","25,786,117.65","0.03","25,786,117.65","2,198,305.00","11.73","United States","NYSE","USD","1.00","USD","-"
"AMAL","AMALGAMATED FINANCIAL CORP","Financials","Equity","25,691,256.76","0.03","25,691,256.76","511,982.00","50.18","United States","NASDAQ","USD","1.00","USD","-"
"FMNB","FARMERS NATIONAL BANC CORP","Financials","Equity","25,679,627.46","0.03","25,679,627.46","1,602,973.00","16.02","United States","NASDAQ","USD","1.00","USD","-"
"AVAH","AVEANNA HEALTHCARE HOLDINGS INC","Health Care","Equity","25,653,493.81","0.03","25,653,493.81","2,024,743.00","12.67","United States","NASDAQ","USD","1.00","USD","-"
"KFRC","KFORCE INC","Industrials","Equity","25,439,796.15","0.03","25,439,796.15","436,435.00","58.29","United States","NYSE","USD","1.00","USD","-"
"PD","PAGERDUTY","Information Technology","Equity","25,296,929.32","0.03","25,296,929.32","2,132,962.00","11.86","United States","NYSE","USD","1.00","USD","-"
"SMP","STANDARD MOTOR PRODUCTS INC","Consumer Discretionary","Equity","25,230,540.00","0.03","25,230,540.00","648,600.00","38.90","United States","NYSE","USD","1.00","USD","-"
"OI","O I GLASS","Materials","Equity","25,211,472.48","0.03","25,211,472.48","3,964,068.00","6.36","United States","NYSE","USD","1.00","USD","-"
"PMT","PENNYMAC MORTGAGE INVESTMENT TRUST","Financials","Equity","25,128,564.21","0.03","25,128,564.21","2,664,747.00","9.43","United States","NYSE","USD","1.00","USD","-"
"FSUN","FIRSTSUN CAPITAL BANCORP","Financials","Equity","25,120,721.40","0.03","25,120,721.40","621,185.00","40.44","United States","NASDAQ","USD","1.00","USD","-"
"FLNG","FLEX LNG","Energy","Equity","25,074,841.50","0.03","25,074,841.50","806,265.00","31.10","Norway","NYSE","USD","1.00","USD","-"
"SEPN","SEPTERNA","Health Care","Equity","25,049,570.40","0.03","25,049,570.40","571,908.00","43.80","United States","NASDAQ","USD","1.00","USD","-"
"BKSY","BLACKSKY TECHNOLOGY INC CLASS A","Industrials","Equity","25,050,145.66","0.03","25,050,145.66","865,589.00","28.94","United States","NYSE","USD","1.00","USD","-"
"CRK","COMSTOCK RESOURCES","Energy","Equity","25,044,612.82","0.03","25,044,612.82","1,833,427.00","13.66","United States","NYSE","USD","1.00","USD","-"
"PLOW","DOUGLAS DYNAMICS INC","Industrials","Equity","25,008,442.03","0.03","25,008,442.03","603,049.00","41.47","United States","NYSE","USD","1.00","USD","-"
"COTY","COTY INC CLASS A","Consumer Staples","Equity","24,828,123.66","0.03","24,828,123.66","9,061,359.00","2.74","United States","NYSE","USD","1.00","USD","-"
"ASTE","ASTEC INDUSTRIES","Industrials","Equity","24,736,086.00","0.03","24,736,086.00","597,490.00","41.40","United States","NASDAQ","USD","1.00","USD","-"
"RVLV","REVOLVE GROUP CLASS A INC","Consumer Discretionary","Equity","24,728,553.54","0.03","24,728,553.54","1,081,739.00","22.86","United States","NYSE","USD","1.00","USD","-"
"TRST","TRUSTCO BANK CORP","Financials","Equity","24,733,609.00","0.03","24,733,609.00","431,350.00","57.34","United States","NASDAQ","USD","1.00","USD","-"
"ARDX","ARDELYX","Health Care","Equity","24,655,482.88","0.03","24,655,482.88","6,289,664.00","3.92","United States","NASDAQ","USD","1.00","USD","-"
"AMTB","AMERANT BANCORP CLASS A","Financials","Equity","24,547,062.96","0.03","24,547,062.96","841,806.00","29.16","United States","NYSE","USD","1.00","USD","-"
"PCRX","PACIRA BIOSCIENCES","Health Care","Equity","24,528,168.00","0.03","24,528,168.00","1,022,007.00","24.00","United States","NASDAQ","USD","1.00","USD","-"
"TYRA","TYRA BIOSCIENCES","Health Care","Equity","24,515,722.56","0.03","24,515,722.56","941,464.00","26.04","United States","NASDAQ","USD","1.00","USD","-"
"PSNL","PERSONALIS","Health Care","Equity","24,427,031.07","0.03","24,427,031.07","1,756,077.00","13.91","United States","NASDAQ","USD","1.00","USD","-"
"SBSI","SOUTHSIDE BANCSHARES INC","Financials","Equity","24,418,058.96","0.03","24,418,058.96","750,632.00","32.53","United States","NYSE","USD","1.00","USD","-"
"NUTX","NUTEX HEALTH INC","Health Care","Equity","24,371,404.20","0.03","24,371,404.20","129,870.00","187.66","United States","NASDAQ","USD","1.00","USD","-"
"GTM","ZOOMINFO TECHNOLOGIES","Communication","Equity","24,347,984.76","0.03","24,347,984.76","6,373,818.00","3.82","United States","NASDAQ","USD","1.00","USD","-"
"VOR","VOR BIOPHARMA","Health Care","Equity","24,300,129.60","0.03","24,300,129.60","1,043,820.00","23.28","United States","NASDAQ","USD","1.00","USD","-"
"VERX","VERTEX INC CLASS A","Information Technology","Equity","24,281,416.50","0.03","24,281,416.50","1,892,550.00","12.83","United States","NASDAQ","USD","1.00","USD","-"
"MUX","MCEWEN INC","Materials","Equity","24,229,398.24","0.03","24,229,398.24","1,319,684.00","18.36","United States","NYSE","USD","1.00","USD","-"
"COLL","COLLEGIUM PHARMACEUTICAL INC","Health Care","Equity","24,144,544.50","0.03","24,144,544.50","847,177.00","28.50","United States","NASDAQ","USD","1.00","USD","-"
"UTL","UNITIL CORP","Utilities","Equity","24,145,645.60","0.03","24,145,645.60","447,805.00","53.92","United States","NYSE","USD","1.00","USD","-"
"SAH","SONIC AUTOMOTIVE INC CLASS A","Consumer Discretionary","Equity","24,120,720.00","0.03","24,120,720.00","312,000.00","77.31","United States","NYSE","USD","1.00","USD","-"
"CCO","CLEAR CHANNEL OUTDOOR HOLDINGS INC","Communication","Equity","24,066,323.79","0.03","24,066,323.79","10,154,567.00","2.37","United States","NYSE","USD","1.00","USD","-"
"STGW","STAGWELL CLASS A","Communication","Equity","23,943,913.95","0.03","23,943,913.95","2,705,527.00","8.85","United States","NASDAQ","USD","1.00","USD","-"
"INDI","INDIE SEMICONDUCTOR INC CLASS A","Information Technology","Equity","23,899,850.52","0.03","23,899,850.52","5,506,878.00","4.34","United States","NASDAQ","USD","1.00","USD","-"
"CERT","CERTARA","Health Care","Equity","23,867,741.43","0.03","23,867,741.43","2,979,743.00","8.01","United States","NASDAQ","USD","1.00","USD","-"
"QDEL","QUIDELORTHO CORP","Health Care","Equity","23,848,510.52","0.03","23,848,510.52","1,775,764.00","13.43","United States","NASDAQ","USD","1.00","USD","-"
"BLMN","BLOOMIN BRANDS INC","Consumer Discretionary","Equity","23,822,946.68","0.03","23,822,946.68","2,234,798.00","10.66","United States","NASDAQ","USD","1.00","USD","-"
"NX","QUANEX BUILDING PRODUCTS CORP","Industrials","Equity","23,758,133.13","0.03","23,758,133.13","1,187,313.00","20.01","United States","NYSE","USD","1.00","USD","-"
"SMPL","THE SIMPLY GOOD FOODS COMPANY","Consumer Staples","Equity","23,714,298.77","0.03","23,714,298.77","2,161,741.00","10.97","United States","NASDAQ","USD","1.00","USD","-"
"RUM","RUM GROUP CLASS A","Communication","Equity","23,671,998.90","0.03","23,671,998.90","2,922,469.00","8.10","United States","NASDAQ","USD","1.00","USD","-"
"SVC","SERVICE PROPERTIES TRUST","Real Estate","Equity","23,646,012.75","0.03","23,646,012.75","3,019,925.00","7.83","United States","NASDAQ","USD","1.00","USD","-"
"PURR","HYPERLIQUID STRATEGIES INC","Health Care","Equity","23,643,878.40","0.03","23,643,878.40","3,283,872.00","7.20","United States","NASDAQ","USD","1.00","USD","-"
"MFA","MFA FINANCIAL","Financials","Equity","23,598,477.00","0.03","23,598,477.00","2,622,053.00","9.00","United States","NYSE","USD","1.00","USD","-"
"AIP","ARTERIS INC","Information Technology","Equity","23,560,426.21","0.03","23,560,426.21","912,841.00","25.81","United States","NASDAQ","USD","1.00","USD","-"
"WOLF","WOLFSPEED INC","Information Technology","Equity","23,526,354.28","0.03","23,526,354.28","747,818.00","31.46","United States","NYSE","USD","1.00","USD","-"
"CSR","CENTERSPACE","Real Estate","Equity","23,517,143.42","0.03","23,517,143.42","440,974.00","53.33","United States","NYSE","USD","1.00","USD","-"
"HAFC","HANMI FINANCIAL CORP","Financials","Equity","23,508,924.74","0.03","23,508,924.74","733,279.00","32.06","United States","NASDAQ","USD","1.00","USD","-"
"ZBIO","ZENAS BIOPHARMA","Health Care","Equity","23,496,832.77","0.03","23,496,832.77","736,347.00","31.91","United States","NASDAQ","USD","1.00","USD","-"
"TDAY","USA TODAY INC","Communication","Equity","23,466,913.48","0.03","23,466,913.48","3,513,011.00","6.68","United States","NYSE","USD","1.00","USD","-"
"EE","EXCELERATE ENERGY INC CLASS A","Energy","Equity","23,395,421.25","0.03","23,395,421.25","628,065.00","37.25","United States","NYSE","USD","1.00","USD","-"
"NBBK","NB BANCORP INC","Financials","Equity","23,372,740.50","0.03","23,372,740.50","1,027,825.00","22.74","United States","NASDAQ","USD","1.00","USD","-"
"EIG","EMPLOYERS HOLDINGS","Financials","Equity","23,310,092.74","0.03","23,310,092.74","481,514.00","48.41","United States","NYSE","USD","1.00","USD","-"
"ODC","OIL DRI CORPORATION OF AMERICA","Consumer Staples","Equity","23,253,139.26","0.03","23,253,139.26","254,801.00","91.26","United States","NYSE","USD","1.00","USD","-"
"BETA","BETA TECHNOLOGIES CLASS A","Industrials","Equity","23,238,384.00","0.03","23,238,384.00","868,400.00","26.76","United States","NYSE","USD","1.00","USD","-"
"FOXF","FOX FACTORY HOLDING","Consumer Discretionary","Equity","23,173,145.87","0.03","23,173,145.87","1,112,489.00","20.83","United States","NASDAQ","USD","1.00","USD","-"
"INBX","INHIBRX BIOSCIENCES INC","Health Care","Equity","23,120,018.52","0.03","23,120,018.52","244,346.00","94.62","United States","NASDAQ","USD","1.00","USD","-"
"ESQ","ESQUIRE FINANCIAL HOLDINGS INC","Financials","Equity","22,952,193.81","0.03","22,952,193.81","188,643.00","121.67","United States","NASDAQ","USD","1.00","USD","-"
"FISI","FINANCIAL INSTITUTIONS INC","Financials","Equity","22,932,506.20","0.03","22,932,506.20","551,660.00","41.57","United States","NASDAQ","USD","1.00","USD","-"
"KOPN","KOPIN CORP","Information Technology","Equity","22,931,319.60","0.03","22,931,319.60","4,549,865.00","5.04","United States","NASDAQ","USD","1.00","USD","-"
"EVLV","EVOLV TECHNOLOGIES HOLDINGS CLASS","Information Technology","Equity","22,875,803.84","0.03","22,875,803.84","4,205,111.00","5.44","United States","NASDAQ","USD","1.00","USD","-"
"PRKS","UNITED PARKS AND RESORTS INC","Consumer Discretionary","Equity","22,835,163.30","0.03","22,835,163.30","507,110.00","45.03","United States","NYSE","USD","1.00","USD","-"
"WMK","WEIS MARKETS","Consumer Staples","Equity","22,812,360.74","0.03","22,812,360.74","324,454.00","70.31","United States","NYSE","USD","1.00","USD","-"
"MSFUT","CASH COLLATERAL MSFUT USD","Cash and/or Derivatives","Cash Collateral and Margins","22,758,000.00","0.03","22,758,000.00","22,758,000.00","100.00","United States","-","USD","1.00","USD","Feb 01, 2009"
"FET","FORUM ENERGY TECHNOLOGIES INC","Energy","Equity","22,752,627.56","0.03","22,752,627.56","275,756.00","82.51","United States","NYSE","USD","1.00","USD","-"
"APOG","APOGEE ENTERPRISES INC","Industrials","Equity","22,750,942.50","0.03","22,750,942.50","551,538.00","41.25","United States","NASDAQ","USD","1.00","USD","-"
"WGO","WINNEBAGO INDUSTRIES INC","Consumer Discretionary","Equity","22,742,454.24","0.03","22,742,454.24","726,132.00","31.32","United States","NYSE","USD","1.00","USD","-"
"ANRO","ALTO NEUROSCIENCE INC","Health Care","Equity","22,686,518.17","0.03","22,686,518.17","664,709.00","34.13","United States","NYSE","USD","1.00","USD","-"
"ASAN","ASANA CLASS A","Information Technology","Equity","22,658,835.52","0.03","22,658,835.52","2,473,672.00","9.16","United States","NYSE","USD","1.00","USD","-"
"LIF","LIFE360","Information Technology","Equity","22,591,124.64","0.03","22,591,124.64","483,336.00","46.74","United States","NASDAQ","USD","1.00","USD","-"
"EQBK","EQUITY BANCSHARES INC CLASS A","Financials","Equity","22,575,870.90","0.03","22,575,870.90","441,366.00","51.15","United States","NYSE","USD","1.00","USD","-"
"SENEA","SENECA FOODS CLASS A","Consumer Staples","Equity","22,553,655.54","0.03","22,553,655.54","117,302.00","192.27","United States","NASDAQ","USD","1.00","USD","-"
"ORRF","ORRSTOWN FINANCIAL SERVICES INC","Financials","Equity","22,519,611.52","0.03","22,519,611.52","521,408.00","43.19","United States","NASDAQ","USD","1.00","USD","-"
"MRTN","MARTEN TRANSPORT","Industrials","Equity","22,437,388.50","0.03","22,437,388.50","1,505,865.00","14.90","United States","NASDAQ","USD","1.00","USD","-"
"CSTL","CASTLE BIOSCIENCES","Health Care","Equity","22,425,210.52","0.03","22,425,210.52","772,484.00","29.03","United States","NASDAQ","USD","1.00","USD","-"
"FG","F&G ANNUITIES AND LIFE INC","Financials","Equity","22,368,973.90","0.03","22,368,973.90","875,498.00","25.55","United States","NYSE","USD","1.00","USD","-"
"BUR","BURFORD CAPITAL LTD","Financials","Equity","22,271,862.78","0.03","22,271,862.78","5,379,677.00","4.14","United States","NYSE","USD","1.00","USD","-"
"PLSE","PULSE BIOSCIENCES INC","Health Care","Equity","22,155,210.00","0.03","22,155,210.00","481,635.00","46.00","United States","NASDAQ","USD","1.00","USD","-"
"ADAM","ADAMAS","Financials","Equity","22,100,722.56","0.03","22,100,722.56","2,192,532.00","10.08","United States","NASDAQ","USD","1.00","USD","-"
"HRTG","HERITAGE INSURANCE HOLDINGS INC","Financials","Equity","22,059,470.82","0.03","22,059,470.82","654,778.00","33.69","United States","NYSE","USD","1.00","USD","-"
"BKV","BKV","Energy","Equity","22,042,055.10","0.03","22,042,055.10","827,094.00","26.65","United States","NYSE","USD","1.00","USD","-"
"CPF","CENTRAL PACIFIC FINANCIAL CORP","Financials","Equity","22,023,708.72","0.03","22,023,708.72","580,182.00","37.96","United States","NYSE","USD","1.00","USD","-"
"GNK","GENCO SHIPPING AND TRADING","Industrials","Equity","21,978,619.45","0.03","21,978,619.45","843,709.00","26.05","United States","NYSE","USD","1.00","USD","-"
"UA","UNDER ARMOUR INC CLASS C","Consumer Discretionary","Equity","21,951,705.10","0.03","21,951,705.10","4,443,665.00","4.94","United States","NYSE","USD","1.00","USD","-"
"RPD","RAPID7","Information Technology","Equity","21,925,296.15","0.03","21,925,296.15","1,741,485.00","12.59","United States","NASDAQ","USD","1.00","USD","-"
"GERN","GERON","Health Care","Equity","21,899,818.71","0.03","21,899,818.71","14,313,607.00","1.53","United States","NASDAQ","USD","1.00","USD","-"
"SAFE","SAFEHOLD INC","Real Estate","Equity","21,898,790.40","0.03","21,898,790.40","1,479,648.00","14.80","United States","NYSE","USD","1.00","USD","-"
"MCBS","METROCITY BANKSHARES INC","Financials","Equity","21,854,613.04","0.03","21,854,613.04","606,904.00","36.01","United States","NASDAQ","USD","1.00","USD","-"
"OMDA","OMADA HEALTH","Health Care","Equity","21,845,392.50","0.03","21,845,392.50","919,806.00","23.75","United States","NASDAQ","USD","1.00","USD","-"
"TRNS","TRANSCAT","Industrials","Equity","21,826,886.95","0.03","21,826,886.95","239,935.00","90.97","United States","NASDAQ","USD","1.00","USD","-"
"GOLD","GOLD INC","Consumer Discretionary","Equity","21,705,127.60","0.03","21,705,127.60","518,765.00","41.84","United States","NYSE","USD","1.00","USD","-"
"GCMG","GCM GROSVENOR CLASS A","Financials","Equity","21,676,671.52","0.03","21,676,671.52","1,586,872.00","13.66","United States","NASDAQ","USD","1.00","USD","-"
"LINC","LINCOLN EDUCATIONAL SERVICES CORP","Consumer Discretionary","Equity","21,650,688.75","0.03","21,650,688.75","780,205.00","27.75","United States","NASDAQ","USD","1.00","USD","-"
"SIBN","SI BONE","Health Care","Equity","21,575,431.02","0.03","21,575,431.02","1,127,243.00","19.14","United States","NASDAQ","USD","1.00","USD","-"
"AMRC","AMERESCO INC CLASS A","Industrials","Equity","21,576,571.28","0.03","21,576,571.28","846,472.00","25.49","United States","NYSE","USD","1.00","USD","-"
"OLMA","OLEMA PHARMACEUTICALS","Health Care","Equity","21,545,897.85","0.03","21,545,897.85","2,023,089.00","10.65","United States","NASDAQ","USD","1.00","USD","-"
"STAA","STAAR SURGICAL","Health Care","Equity","21,522,990.72","0.03","21,522,990.72","873,498.00","24.64","United States","NASDAQ","USD","1.00","USD","-"
"KOP","KOPPERS HOLDINGS INC","Materials","Equity","21,466,174.08","0.03","21,466,174.08","472,407.00","45.44","United States","NYSE","USD","1.00","USD","-"
"RBCAA","REPUBLIC BANCORP INC CLASS A","Financials","Equity","21,397,496.40","0.03","21,397,496.40","222,705.00","96.08","United States","NASDAQ","USD","1.00","USD","-"
"MGTX","MEIRAGTX HOLDINGS PLC","Health Care","Equity","21,363,653.40","0.03","21,363,653.40","1,538,060.00","13.89","United States","NASDAQ","USD","1.00","USD","-"
"MITK","MITEK SYSTEMS INC","Information Technology","Equity","21,342,120.12","0.03","21,342,120.12","1,173,934.00","18.18","United States","NASDAQ","USD","1.00","USD","-"
"VPG","VISHAY PRECISION GROUP","Information Technology","Equity","21,324,361.35","0.03","21,324,361.35","314,565.00","67.79","United States","NYSE","USD","1.00","USD","-"
"AVTX","AVALO THERAPEUTICS INC","Health Care","Equity","21,303,592.92","0.03","21,303,592.92","1,080,852.00","19.71","United States","NASDAQ","USD","1.00","USD","-"
"CEVA","CEVA INC","Information Technology","Equity","21,287,720.61","0.03","21,287,720.61","717,483.00","29.67","United States","NASDAQ","USD","1.00","USD","-"
"SVRA","SAVARA","Health Care","Equity","21,251,501.13","0.03","21,251,501.13","3,957,449.00","5.37","United States","NASDAQ","USD","1.00","USD","-"
"ANNX","ANNEXON","Health Care","Equity","21,203,756.64","0.03","21,203,756.64","4,015,863.00","5.28","United States","NASDAQ","USD","1.00","USD","-"
"TE","T1 ENERGY","Information Technology","Equity","21,156,955.95","0.03","21,156,955.95","4,549,883.00","4.65","United States","NYSE","USD","1.00","USD","-"
"CODI","COMPASS DIVERSIFIED","Financials","Equity","21,136,171.32","0.03","21,136,171.32","1,779,139.00","11.88","United States","NYSE","USD","1.00","USD","-"
"ASST","STRIVE INC CLASS A","Health Care","Equity","21,121,548.80","0.03","21,121,548.80","1,650,121.00","12.80","United States","NASDAQ","USD","1.00","USD","-"
"BV","BRIGHTVIEW HOLDINGS","Industrials","Equity","21,079,787.50","0.03","21,079,787.50","1,833,025.00","11.50","United States","NYSE","USD","1.00","USD","-"
"GLIBK","LIBERTY CAPITAL CORP SERIES C","Communication","Equity","21,080,727.48","0.03","21,080,727.48","810,174.00","26.02","United States","NASDAQ","USD","1.00","USD","-"
"EGBN","EAGLE BANCORP","Financials","Equity","21,047,622.95","0.03","21,047,622.95","739,811.00","28.45","United States","NASDAQ","USD","1.00","USD","-"
"APEI","AMERICAN PUBLIC EDUCATION","Consumer Discretionary","Equity","20,982,491.28","0.03","20,982,491.28","469,512.00","44.69","United States","NASDAQ","USD","1.00","USD","-"
"ALRS","ALERUS FINANCIAL CORP","Financials","Equity","20,976,883.20","0.03","20,976,883.20","624,312.00","33.60","United States","NASDAQ","USD","1.00","USD","-"
"DJCO","DAILY JOURNAL","Information Technology","Equity","20,981,065.98","0.03","20,981,065.98","34,937.00","600.54","United States","NASDAQ","USD","1.00","USD","-"
"MPB","MID PENN BANCORP INC","Financials","Equity","20,958,410.61","0.03","20,958,410.61","550,523.00","38.07","United States","NASDAQ","USD","1.00","USD","-"
"FCBC","FIRST COMMUNITY BANKSHARES INC","Financials","Equity","20,936,592.13","0.03","20,936,592.13","425,627.00","49.19","United States","NASDAQ","USD","1.00","USD","-"
"BZH","BEAZER HOMES","Consumer Discretionary","Equity","20,883,238.53","0.03","20,883,238.53","630,723.00","33.11","United States","NYSE","USD","1.00","USD","-"
"FLOC","FLOWCO HOLDINGS CLASS A","Energy","Equity","20,867,949.48","0.03","20,867,949.48","910,469.00","22.92","United States","NYSE","USD","1.00","USD","-"
"PAR","PAR TECHNOLOGY","Information Technology","Equity","20,848,923.60","0.03","20,848,923.60","1,073,580.00","19.42","United States","NYSE","USD","1.00","USD","-"
"RIGL","RIGEL PHARMACEUTICALS","Health Care","Equity","20,784,275.70","0.03","20,784,275.70","476,485.00","43.62","United States","NASDAQ","USD","1.00","USD","-"
"KLRA","KAILERA THERAPEUTICS INC","Health Care","Equity","20,757,668.17","0.03","20,757,668.17","1,164,199.00","17.83","United States","NASDAQ","USD","1.00","USD","-"
"SHBI","SHORE BANCSHARES INC","Financials","Equity","20,719,369.58","0.03","20,719,369.58","875,713.00","23.66","United States","NASDAQ","USD","1.00","USD","-"
"SMBK","SMARTFINANCIAL INC","Financials","Equity","20,714,633.59","0.03","20,714,633.59","399,049.00","51.91","United States","NYSE","USD","1.00","USD","-"
"LYTS","LSI INDUSTRIES INC","Industrials","Equity","20,496,673.51","0.03","20,496,673.51","849,427.00","24.13","United States","NASDAQ","USD","1.00","USD","-"
"NNE","NANO NUCLEAR ENERGY","Industrials","Equity","20,454,089.00","0.02","20,454,089.00","1,120,772.00","18.25","United States","NASDAQ","USD","1.00","USD","-"
"WASH","WASHINGTON TRUST BANCORP INC","Financials","Equity","20,410,894.90","0.02","20,410,894.90","508,366.00","40.15","United States","NASDAQ","USD","1.00","USD","-"
"CMP","COMPASS MINERALS INTERNATIONAL","Materials","Equity","20,380,947.84","0.02","20,380,947.84","824,472.00","24.72","United States","NYSE","USD","1.00","USD","-"
"FSBC","FIVE STAR BANCORP","Financials","Equity","20,335,256.20","0.02","20,335,256.20","436,660.00","46.57","United States","NASDAQ","USD","1.00","USD","-"
"CASS","CASS INFORMATION SYSTEMS INC","Financials","Equity","20,317,497.10","0.02","20,317,497.10","352,123.00","57.70","United States","NASDAQ","USD","1.00","USD","-"
"SXC","SUNCOKE ENERGY INC","Materials","Equity","20,275,782.98","0.02","20,275,782.98","2,218,357.00","9.14","United States","NYSE","USD","1.00","USD","-"
"BBSI","BARRETT BUSINESS SERVICES INC","Industrials","Equity","20,248,730.55","0.02","20,248,730.55","614,529.00","32.95","United States","NASDAQ","USD","1.00","USD","-"
"AVR","ANTERIS TECHNOLOGIES GLOBAL CORP","Health Care","Equity","20,251,449.40","0.02","20,251,449.40","2,113,930.00","9.58","United States","NASDAQ","USD","1.00","USD","-"
"NPK","NATIONAL PRESTO INDUSTRIES INC","Industrials","Equity","20,208,489.80","0.02","20,208,489.80","137,230.00","147.26","United States","NYSE","USD","1.00","USD","-"
"LPTH","LIGHTPATH TECHNOLOGIES INC CLASS A","Information Technology","Equity","20,154,702.78","0.02","20,154,702.78","1,417,349.00","14.22","United States","NASDAQ","USD","1.00","USD","-"
"MTUS","METALLUS INC","Materials","Equity","20,131,262.58","0.02","20,131,262.58","948,246.00","21.23","United States","NYSE","USD","1.00","USD","-"
"DRVN","DRIVEN BRANDS HOLDINGS","Consumer Discretionary","Equity","20,117,036.30","0.02","20,117,036.30","1,560,670.00","12.89","United States","NASDAQ","USD","1.00","USD","-"
"RDVT","RED VIOLET INC","Information Technology","Equity","20,084,409.84","0.02","20,084,409.84","294,536.00","68.19","United States","NASDAQ","USD","1.00","USD","-"
"PZZA","PAPA JOHNS INTERNATIONAL INC","Consumer Discretionary","Equity","20,010,296.20","0.02","20,010,296.20","856,972.00","23.35","United States","NASDAQ","USD","1.00","USD","-"
"VREX","VAREX IMAGING","Health Care","Equity","19,995,004.38","0.02","19,995,004.38","1,083,153.00","18.46","United States","NASDAQ","USD","1.00","USD","-"
"BBNX","BETA BIONICS INC","Health Care","Equity","19,980,319.80","0.02","19,980,319.80","1,050,490.00","19.02","United States","NASDAQ","USD","1.00","USD","-"
"NVGS","NAVIGATOR HOLDINGS","Energy","Equity","19,921,147.68","0.02","19,921,147.68","932,638.00","21.36","United Kingdom","NYSE","USD","1.00","USD","-"
"DAKT","DAKTRONICS INC","Information Technology","Equity","19,856,702.23","0.02","19,856,702.23","1,021,961.00","19.43","United States","NASDAQ","USD","1.00","USD","-"
"JBIO","JADE BIOSCIENCES INC","Health Care","Equity","19,837,766.40","0.02","19,837,766.40","842,368.00","23.55","United States","NASDAQ","USD","1.00","USD","-"
"PGC","PEAPACK GLADSTONE FINANCIAL CORP","Financials","Equity","19,771,844.60","0.02","19,771,844.60","426,485.00","46.36","United States","NASDAQ","USD","1.00","USD","-"
"GDOT","GREEN DOT CLASS A","Financials","Equity","19,752,052.32","0.02","19,752,052.32","1,462,032.00","13.51","United States","NYSE","USD","1.00","USD","-"
"ALOY","REALLOYS INC","Materials","Equity","19,679,598.00","0.02","19,679,598.00","1,457,748.00","13.50","United States","NASDAQ","USD","1.00","USD","-"
"CADL","CANDEL THERAPEUTICS INC","Health Care","Equity","19,665,491.55","0.02","19,665,491.55","1,631,991.00","12.05","United States","NASDAQ","USD","1.00","USD","-"
"ABUS","ARBUTUS BIOPHARMA CORP","Health Care","Equity","19,666,744.68","0.02","19,666,744.68","4,063,377.00","4.84","United States","NASDAQ","USD","1.00","USD","-"
"CDNL","CARDINAL INFRASTRUCTURE GROUP INC","Industrials","Equity","19,598,930.34","0.02","19,598,930.34","434,181.00","45.14","United States","NASDAQ","USD","1.00","USD","-"
"PRAA","PRA GROUP INC","Financials","Equity","19,481,776.35","0.02","19,481,776.35","991,439.00","19.65","United States","NASDAQ","USD","1.00","USD","-"
"LCID","LUCID GROUP","Consumer Discretionary","Equity","19,480,933.65","0.02","19,480,933.65","3,376,245.00","5.77","United States","NASDAQ","USD","1.00","USD","-"
"CXM","SPRINKLR CLASS A","Information Technology","Equity","19,464,682.26","0.02","19,464,682.26","2,816,886.00","6.91","United States","NYSE","USD","1.00","USD","-"
"HPP","HUDSON PACIFIC PROPERTIES REIT","Real Estate","Equity","19,351,193.40","0.02","19,351,193.40","1,396,190.00","13.86","United States","NYSE","USD","1.00","USD","-"
"RUSHB","RUSH ENTERPRISES CLASS B","Industrials","Equity","19,306,103.88","0.02","19,306,103.88","244,412.00","78.99","United States","NASDAQ","USD","1.00","USD","-"
"ACRS","ACLARIS THERAPEUTICS","Health Care","Equity","19,286,919.34","0.02","19,286,919.34","3,058,988.00","6.30","United States","NASDAQ","USD","1.00","USD","-"
"FIZZ","NATIONAL BEVERAGE","Consumer Staples","Equity","19,283,735.08","0.02","19,283,735.08","612,571.00","31.48","United States","NASDAQ","USD","1.00","USD","-"
"CYRX","CRYOPORT","Health Care","Equity","19,249,105.80","0.02","19,249,105.80","1,275,620.00","15.09","United States","NASDAQ","USD","1.00","USD","-"
"IBCP","INDEPENDENT BANK CORP","Financials","Equity","19,236,645.12","0.02","19,236,645.12","505,164.00","38.08","United States","NASDAQ","USD","1.00","USD","-"
"CCBG","CAPITAL CITY BANK INC","Financials","Equity","19,237,423.08","0.02","19,237,423.08","370,164.00","51.97","United States","NASDAQ","USD","1.00","USD","-"
"ABR","ARBOR REALTY TRUST REIT","Financials","Equity","19,243,667.10","0.02","19,243,667.10","3,927,279.00","4.90","United States","NYSE","USD","1.00","USD","-"
"SMBC","SOUTHERN MISSOURI BANCORP INC","Financials","Equity","19,182,355.92","0.02","19,182,355.92","253,032.00","75.81","United States","NASDAQ","USD","1.00","USD","-"
"KMTS","KESTRA MEDICAL TECHNOLOGIES","Health Care","Equity","19,138,948.71","0.02","19,138,948.71","685,247.00","27.93","United States","NASDAQ","USD","1.00","USD","-"
"PAX","PATRIA INVESTMENTS LTD CLASS A","Financials","Equity","19,128,183.98","0.02","19,128,183.98","1,698,773.00","11.26","Brazil","NASDAQ","USD","1.00","USD","-"
"AVO","MISSION PRODUCE INC","Consumer Staples","Equity","19,078,122.16","0.02","19,078,122.16","1,459,688.00","13.07","United States","NASDAQ","USD","1.00","USD","-"
"PFBC","PREFERRED BANK","Financials","Equity","19,058,488.68","0.02","19,058,488.68","178,651.00","106.68","United States","NASDAQ","USD","1.00","USD","-"
"FWRG","FIRST WATCH RESTAURANT GROUP","Consumer Discretionary","Equity","18,984,170.97","0.02","18,984,170.97","1,580,697.00","12.01","United States","NASDAQ","USD","1.00","USD","-"
"CTO","CTO REALTY GROWTH INC","Real Estate","Equity","18,944,203.90","0.02","18,944,203.90","866,615.00","21.86","United States","NYSE","USD","1.00","USD","-"
"JANX","JANUX THERAPEUTICS","Health Care","Equity","18,909,111.04","0.02","18,909,111.04","1,114,924.00","16.96","United States","NASDAQ","USD","1.00","USD","-"
"TK","TEEKAY CORPORATION CORP LTD","Energy","Equity","18,915,292.36","0.02","18,915,292.36","1,458,388.00","12.97","Bermuda","NYSE","USD","1.00","USD","-"
"BHB","BAR HARBOR BANKSHARES","Financials","Equity","18,904,477.06","0.02","18,904,477.06","465,857.00","40.58","United States","Nyse Mkt Llc","USD","1.00","USD","-"
"SABR","SABRE","Consumer Discretionary","Equity","18,845,017.68","0.02","18,845,017.68","8,931,288.00","2.11","United States","NASDAQ","USD","1.00","USD","-"
"CARE","CARTER BANKSHARES INC","Financials","Equity","18,827,571.96","0.02","18,827,571.96","597,132.00","31.53","United States","NASDAQ","USD","1.00","USD","-"
"WVE","WAVE LIFE SCIENCES INC","Health Care","Equity","18,819,640.52","0.02","18,819,640.52","3,557,588.00","5.29","United States","NASDAQ","USD","1.00","USD","-"
"PAHC","PHIBRO ANIMAL HEALTH CORP CLASS A","Health Care","Equity","18,798,560.55","0.02","18,798,560.55","542,527.00","34.65","United States","NASDAQ","USD","1.00","USD","-"
"IRMD","IRADIMED","Health Care","Equity","18,766,780.25","0.02","18,766,780.25","214,355.00","87.55","United States","NASDAQ","USD","1.00","USD","-"
"MLR","MILLER INDUSTRIES INC","Industrials","Equity","18,751,809.96","0.02","18,751,809.96","331,773.00","56.52","United States","NYSE","USD","1.00","USD","-"
"CSIQ","CANADIAN SOLAR","Information Technology","Equity","18,552,633.66","0.02","18,552,633.66","1,258,659.00","14.74","China","NASDAQ","USD","1.00","USD","-"
"TH","TARGET HOSPITALITY","Consumer Discretionary","Equity","18,502,354.71","0.02","18,502,354.71","1,059,093.00","17.47","United States","NASDAQ","USD","1.00","USD","-"
"MMI","MARCUS & MILLICHAP INC","Real Estate","Equity","18,490,184.74","0.02","18,490,184.74","585,503.00","31.58","United States","NYSE","USD","1.00","USD","-"
"SLDB","SOLID BIOSCIENCES INC","Health Care","Equity","18,428,295.84","0.02","18,428,295.84","2,029,548.00","9.08","United States","NASDAQ","USD","1.00","USD","-"
"PFIS","PEOPLES FINANCIAL SERVICES CORP","Financials","Equity","18,393,376.32","0.02","18,393,376.32","258,044.00","71.28","United States","NASDAQ","USD","1.00","USD","-"
"HTB","HOMETRUST BANCSHARES INC","Financials","Equity","18,369,193.92","0.02","18,369,193.92","386,232.00","47.56","United States","NYSE","USD","1.00","USD","-"
"IVR","INVESCO MORTGAGE CAPITAL REIT INC","Financials","Equity","18,352,385.64","0.02","18,352,385.64","2,456,812.00","7.47","United States","NYSE","USD","1.00","USD","-"
"NHP","NATIONAL HEALTHCARE PROPERTIES CLA","Real Estate","Equity","18,330,367.18","0.02","18,330,367.18","1,105,571.00","16.58","United States","NASDAQ","USD","1.00","USD","-"
"AMBP","ARDAGH METAL PACKAGING SA","Materials","Equity","18,278,469.92","0.02","18,278,469.92","3,598,124.00","5.08","United States","NYSE","USD","1.00","USD","-"
"AOSL","ALPHA AND OMEGA SEMICONDUCTOR","Information Technology","Equity","18,207,756.60","0.02","18,207,756.60","641,570.00","28.38","United States","NASDAQ","USD","1.00","USD","-"
"IRWD","IRONWOOD PHARMA CLASS A","Health Care","Equity","18,161,844.35","0.02","18,161,844.35","4,213,885.00","4.31","United States","NASDAQ","USD","1.00","USD","-"
"SPFI","SOUTH PLAINS FINANCIAL INC","Financials","Equity","17,972,695.20","0.02","17,972,695.20","397,626.00","45.20","United States","NASDAQ","USD","1.00","USD","-"
"AROW","ARROW FINANCIAL CORP","Financials","Equity","17,972,937.38","0.02","17,972,937.38","461,081.00","38.98","United States","NASDAQ","USD","1.00","USD","-"
"UAMY","UNITED STATES ANTIMONY CORP","Materials","Equity","17,950,410.40","0.02","17,950,410.40","3,452,002.00","5.20","United States","NYSE","USD","1.00","USD","-"
"TCBX","THIRD COAST BANCSHARES INC","Financials","Equity","17,956,601.60","0.02","17,956,601.60","393,440.00","45.64","United States","NYSE","USD","1.00","USD","-"
"HSTM","HEALTHSTREAM","Health Care","Equity","17,956,709.89","0.02","17,956,709.89","629,839.00","28.51","United States","NASDAQ","USD","1.00","USD","-"
"AMPH","AMPHASTAR PHARMACEUTICALS","Health Care","Equity","17,884,797.92","0.02","17,884,797.92","838,088.00","21.34","United States","NASDAQ","USD","1.00","USD","-"
"CMRE","COSTAMARE","Industrials","Equity","17,886,826.78","0.02","17,886,826.78","1,198,046.00","14.93","Monaco","NYSE","USD","1.00","USD","Jan 01, 1970"
"GRDN","GUARDIAN PHARMACY SERVICES CLASS A","Health Care","Equity","17,890,885.32","0.02","17,890,885.32","467,369.00","38.28","United States","NYSE","USD","1.00","USD","-"
"CCSI","CONSENSUS CLOUD SOLUTIONS INC","Information Technology","Equity","17,868,437.99","0.02","17,868,437.99","469,111.00","38.09","United States","NASDAQ","USD","1.00","USD","-"
"EVER","EVERQUOTE CLASS A","Communication","Equity","17,833,150.80","0.02","17,833,150.80","727,290.00","24.52","United States","NASDAQ","USD","1.00","USD","-"
"MCS","THE MARCUS CORP","Communication","Equity","17,833,986.43","0.02","17,833,986.43","599,059.00","29.77","United States","NYSE","USD","1.00","USD","-"
"LZ","LEGALZOOM COM","Industrials","Equity","17,792,140.66","0.02","17,792,140.66","3,126,914.00","5.69","United States","NASDAQ","USD","1.00","USD","-"
"PUBM","PUBMATIC CLASS A","Communication","Equity","17,773,011.76","0.02","17,773,011.76","1,023,791.00","17.36","United States","NASDAQ","USD","1.00","USD","-"
"JBGS","JBG SMITH PROPERTIES","Real Estate","Equity","17,762,059.98","0.02","17,762,059.98","1,553,986.00","11.43","United States","NYSE","USD","1.00","USD","-"
"ARRY","ARRAY TECHNOLOGIES INC","Industrials","Equity","17,766,192.00","0.02","17,766,192.00","3,701,290.00","4.80","United States","NASDAQ","USD","1.00","USD","-"
"MTW","MANITOWOC INC","Industrials","Equity","17,735,677.10","0.02","17,735,677.10","918,947.00","19.30","United States","NYSE","USD","1.00","USD","-"
"BVS","BIOVENTUS CLASS A","Health Care","Equity","17,714,496.80","0.02","17,714,496.80","1,238,776.00","14.30","United States","NASDAQ","USD","1.00","USD","-"
"ROOT","ROOT INC CLASS A","Financials","Equity","17,655,457.05","0.02","17,655,457.05","337,645.00","52.29","United States","NASDAQ","USD","1.00","USD","-"
"JBI","JANUS INTERNATIONAL GROUP","Industrials","Equity","17,648,359.38","0.02","17,648,359.38","3,440,226.00","5.13","United States","NYSE","USD","1.00","USD","-"
"TBPH","THERAVANCE BIOPHARMA","Health Care","Equity","17,607,914.25","0.02","17,607,914.25","1,038,815.00","16.95","United States","NASDAQ","USD","1.00","USD","-"
"ACNB","ACNB CORP","Financials","Equity","17,583,245.75","0.02","17,583,245.75","273,925.00","64.19","United States","NASDAQ","USD","1.00","USD","-"
"ESRT","EMPIRE STATE REALTY REIT CLASS A","Real Estate","Equity","17,543,567.80","0.02","17,543,567.80","3,732,674.00","4.70","United States","NYSE","USD","1.00","USD","-"
"PTRN","PATTERN GROUP SERIES A","Consumer Discretionary","Equity","17,469,858.70","0.02","17,469,858.70","845,998.00","20.65","United States","NASDAQ","USD","1.00","USD","-"
"MATW","MATTHEWS INTERNATIONAL CORP CLASS","Consumer Discretionary","Equity","17,464,261.68","0.02","17,464,261.68","782,449.00","22.32","United States","NASDAQ","USD","1.00","USD","-"
"FDMT","4D MOLECULAR THERAPEUTICS INC","Health Care","Equity","17,449,809.28","0.02","17,449,809.28","1,185,449.00","14.72","United States","NASDAQ","USD","1.00","USD","-"
"VRRM","VERRA MOBILITY CLASS A","Industrials","Equity","17,457,305.50","0.02","17,457,305.50","3,922,990.00","4.45","United States","NASDAQ","USD","1.00","USD","-"
"ZVRA","ZEVRA THERAPEUTICS INC","Health Care","Equity","17,437,852.77","0.02","17,437,852.77","1,507,161.00","11.57","United States","NASDAQ","USD","1.00","USD","-"
"PKE","PARK AEROSPACE CORP","Industrials","Equity","17,410,379.40","0.02","17,410,379.40","471,826.00","36.90","United States","NYSE","USD","1.00","USD","-"
"SANA","SANA BIOTECHNOLOGY","Health Care","Equity","17,253,930.87","0.02","17,253,930.87","4,753,149.00","3.63","United States","NASDAQ","USD","1.00","USD","-"
"JBSS","JOHN B SANFILIPPO AND SON","Consumer Staples","Equity","17,257,505.97","0.02","17,257,505.97","206,751.00","83.47","United States","NASDAQ","USD","1.00","USD","-"
"DC","DAKOTA GOLD CORP","Materials","Equity","17,184,018.96","0.02","17,184,018.96","2,942,469.00","5.84","United States","Nyse Mkt Llc","USD","1.00","USD","-"
"HELE","HELEN OF TROY LTD","Consumer Discretionary","Equity","17,186,663.70","0.02","17,186,663.70","598,005.00","28.74","United States","NASDAQ","USD","1.00","USD","-"
"HIPO","HIPPO HOLDINGS","Financials","Equity","17,149,552.40","0.02","17,149,552.40","520,472.00","32.95","United States","NYSE","USD","1.00","USD","-"
"MATV","MATIV HOLDINGS","Materials","Equity","17,120,619.08","0.02","17,120,619.08","1,418,444.00","12.07","United States","NYSE","USD","1.00","USD","-"
"MCHB","MECHANICS BANCORP CLASS A","Financials","Equity","17,107,881.96","0.02","17,107,881.96","1,020,148.00","16.77","United States","NASDAQ","USD","1.00","USD","-"
"CBLL","CERIBELL","Health Care","Equity","17,105,212.35","0.02","17,105,212.35","706,535.00","24.21","United States","NASDAQ","USD","1.00","USD","-"
"ELE","ELEMENTAL ROYALTY CORP","Materials","Equity","17,081,784.90","0.02","17,081,784.90","825,207.00","20.70","Canada","NASDAQ","USD","1.00","USD","-"
"TROX","TRONOX HOLDINGS PLC","Materials","Equity","17,040,552.48","0.02","17,040,552.48","3,075,912.00","5.54","United States","NYSE","USD","1.00","USD","-"
"CCB","COASTAL FINANCIAL CORP","Financials","Equity","16,922,517.22","0.02","16,922,517.22","341,593.00","49.54","United States","NASDAQ","USD","1.00","USD","-"
"KODK","EASTMAN KODAK","Information Technology","Equity","16,889,830.44","0.02","16,889,830.44","1,719,942.00","9.82","United States","NYSE","USD","1.00","USD","-"
"WLFC","WILLIS LEASE FINANCE","Industrials","Equity","16,880,828.64","0.02","16,880,828.64","293,784.00","57.46","United States","NASDAQ","USD","1.00","USD","-"
"MRVI","MARAVAI LIFESCIENCES HOLDINGS INC","Health Care","Equity","16,852,691.66","0.02","16,852,691.66","2,936,009.00","5.74","United States","NASDAQ","USD","1.00","USD","-"
"CWBC","COMMUNITY WEST BANCSHARES","Financials","Equity","16,823,393.30","0.02","16,823,393.30","643,342.00","26.15","United States","NASDAQ","USD","1.00","USD","-"
"SCHL","SCHOLASTIC","Communication","Equity","16,825,165.70","0.02","16,825,165.70","407,389.00","41.30","United States","NASDAQ","USD","1.00","USD","-"
"CLVT","CLARIVATE PLC","Industrials","Equity","16,810,971.66","0.02","16,810,971.66","8,894,694.00","1.89","United States","NYSE","USD","1.00","USD","-"
"AVLN","AVALYN PHARMA INC","Health Care","Equity","16,729,502.02","0.02","16,729,502.02","430,507.00","38.86","United States","NASDAQ","USD","1.00","USD","-"
"MSBI","MIDLAND STATES BANCORP INC","Financials","Equity","16,718,732.32","0.02","16,718,732.32","504,488.00","33.14","United States","NASDAQ","USD","1.00","USD","-"
"RES","RPC INC","Energy","Equity","16,709,966.24","0.02","16,709,966.24","2,643,982.00","6.32","United States","NYSE","USD","1.00","USD","-"
"INN","SUMMIT HOTEL PROPERTIES REIT INC","Real Estate","Equity","16,701,598.53","0.02","16,701,598.53","2,769,751.00","6.03","United States","NYSE","USD","1.00","USD","-"
"GSBC","GREAT SOUTHERN BANCORP INC","Financials","Equity","16,664,838.48","0.02","16,664,838.48","208,519.00","79.92","United States","NASDAQ","USD","1.00","USD","-"
"NB","NIOCORP DEVELOPMENTS","Materials","Equity","16,665,761.28","0.02","16,665,761.28","3,678,976.00","4.53","United States","NASDAQ","USD","1.00","USD","-"
"ASC","ARDMORE SHIPPING CORP","Energy","Equity","16,452,477.19","0.02","16,452,477.19","913,519.00","18.01","Bermuda","NYSE","USD","1.00","USD","-"
"BXC","BLUELINX HOLDINGS","Industrials","Equity","16,433,989.67","0.02","16,433,989.67","199,031.00","82.57","United States","NYSE","USD","1.00","USD","-"
"SWBI","SMITH WESSON BRANDS INC","Consumer Discretionary","Equity","16,420,649.44","0.02","16,420,649.44","1,158,832.00","14.17","United States","NASDAQ","USD","1.00","USD","-"
"GOOD","GLADSTONE COMMERCIAL REIT CORP","Real Estate","Equity","16,283,174.40","0.02","16,283,174.40","1,268,160.00","12.84","United States","NASDAQ","USD","1.00","USD","-"
"ZGN","ERMENEGILDO ZEGNA NV","Consumer Discretionary","Equity","16,213,017.33","0.02","16,213,017.33","1,203,639.00","13.47","Italy","NYSE","USD","1.00","USD","-"
"DRUG","BRIGHT MINDS BIOSCIENCES","Health Care","Equity","16,153,496.48","0.02","16,153,496.48","192,212.00","84.04","United States","NASDAQ","USD","1.00","USD","-"
"ADTN","ADTRAN HOLDINGS INC","Information Technology","Equity","16,084,202.40","0.02","16,084,202.40","1,985,704.00","8.10","United States","NASDAQ","USD","1.00","USD","-"
"CIVB","CIVISTA BANCSHARES INC","Financials","Equity","16,074,258.50","0.02","16,074,258.50","567,995.00","28.30","United States","NASDAQ","USD","1.00","USD","-"
"SBGI","SINCLAIR CLASS A","Communication","Equity","16,035,266.32","0.02","16,035,266.32","1,116,662.00","14.36","United States","NASDAQ","USD","1.00","USD","-"
"FBRT","FRANKLIN BSP REALTY TRUST INC","Financials","Equity","16,031,124.12","0.02","16,031,124.12","1,996,404.00","8.03","United States","NYSE","USD","1.00","USD","-"
"PAYS","PAYSIGN INC","Financials","Equity","15,984,263.36","0.02","15,984,263.36","1,182,268.00","13.52","United States","NASDAQ","USD","1.00","USD","-"
"ENVX","ENOVIX","Industrials","Equity","15,961,899.52","0.02","15,961,899.52","5,091,515.00","3.13","United States","NASDAQ","USD","1.00","USD","-"
"NRIM","NORTHRIM BANCORP INC","Financials","Equity","15,965,306.76","0.02","15,965,306.76","596,388.00","26.77","United States","NASDAQ","USD","1.00","USD","-"
"BOW","BOWHEAD SPECIALTY HOLDINGS","Financials","Equity","15,910,767.36","0.02","15,910,767.36","475,232.00","33.48","United States","NYSE","USD","1.00","USD","-"
"SG","SWEETGREEN INC CLASS A","Consumer Discretionary","Equity","15,906,671.10","0.02","15,906,671.10","2,733,105.00","5.82","United States","NYSE","USD","1.00","USD","-"
"PSTL","POSTAL REALTY TRUST CLASS A","Real Estate","Equity","15,850,144.88","0.02","15,850,144.88","698,552.00","22.69","United States","NYSE","USD","1.00","USD","-"
"KRNY","KEARNY FINANCIAL CORP","Financials","Equity","15,808,002.93","0.02","15,808,002.93","1,617,187.00","9.78","United States","NASDAQ","USD","1.00","USD","-"
"LXU","LSB INDUSTRIES","Materials","Equity","15,762,220.32","0.02","15,762,220.32","1,540,784.00","10.23","United States","NYSE","USD","1.00","USD","-"
"CTOS","CUSTOM TRUCK ONE SOURCE INC","Industrials","Equity","15,763,197.95","0.02","15,763,197.95","1,584,241.00","9.95","United States","NYSE","USD","1.00","USD","-"
"ACEL","ACCEL ENTERTAINMENT INC CLASS A","Consumer Discretionary","Equity","15,738,746.82","0.02","15,738,746.82","1,318,153.00","11.94","United States","NYSE","USD","1.00","USD","-"
"CLYM","CLIMB BIO INC","Health Care","Equity","15,722,855.48","0.02","15,722,855.48","904,132.00","17.39","United States","NASDAQ","USD","1.00","USD","-"
"ALX","ALEXANDERS REIT INC","Real Estate","Equity","15,703,054.08","0.02","15,703,054.08","58,576.00","268.08","United States","NYSE","USD","1.00","USD","-"
"SFST","SOUTHERN FIRST BANCSHARES INC","Financials","Equity","15,680,083.64","0.02","15,680,083.64","244,162.00","64.22","United States","NASDAQ","USD","1.00","USD","-"
"CRMD","CORMEDIX","Health Care","Equity","15,662,273.99","0.02","15,662,273.99","1,917,047.00","8.17","United States","NASDAQ","USD","1.00","USD","-"
"SGMT","SAGIMET BIOSCIENCES SERIES A","Health Care","Equity","15,663,182.16","0.02","15,663,182.16","1,480,452.00","10.58","United States","NASDAQ","USD","1.00","USD","-"
"IIIN","INSTEEL INDUSTRIES INC","Industrials","Equity","15,556,586.64","0.02","15,556,586.64","485,688.00","32.03","United States","NYSE","USD","1.00","USD","-"
"OSPN","ONESPAN","Information Technology","Equity","15,541,832.46","0.02","15,541,832.46","984,907.00","15.78","United States","NASDAQ","USD","1.00","USD","-"
"EGY","VAALCO ENERGY INC","Energy","Equity","15,494,962.34","0.02","15,494,962.34","2,657,798.00","5.83","United States","NYSE","USD","1.00","USD","-"
"CNNE","CANNAE HOLDINGS INC","Financials","Equity","15,496,287.25","0.02","15,496,287.25","1,033,775.00","14.99","United States","NYSE","USD","1.00","USD","-"
"CRSR","CORSAIR GAMING INC","Information Technology","Equity","15,458,941.72","0.02","15,458,941.72","1,295,804.00","11.93","United States","NASDAQ","USD","1.00","USD","-"
"CLDT","CHATHAM LODGING TRUST REIT","Real Estate","Equity","15,462,042.83","0.02","15,462,042.83","1,192,139.00","12.97","United States","NYSE","USD","1.00","USD","-"
"AHCO","ADAPTHEALTH","Health Care","Equity","15,440,384.34","0.02","15,440,384.34","2,652,987.00","5.82","United States","NASDAQ","USD","1.00","USD","-"
"CTMX","CYTOMX THERAPEUTICS","Health Care","Equity","15,441,619.50","0.02","15,441,619.50","4,555,050.00","3.39","United States","NASDAQ","USD","1.00","USD","-"
"BWMN","BOWMAN CONSULTING GROUP","Industrials","Equity","15,415,678.98","0.02","15,415,678.98","362,466.00","42.53","United States","NASDAQ","USD","1.00","USD","-"
"MAMA","MAMAS CREATIONS INC","Consumer Staples","Equity","15,406,243.56","0.02","15,406,243.56","960,489.00","16.04","United States","NASDAQ","USD","1.00","USD","-"
"KE","KIMBALL ELECTRONICS INC","Information Technology","Equity","15,376,574.10","0.02","15,376,574.10","624,810.00","24.61","United States","NASDAQ","USD","1.00","USD","-"
"AEVA","AEVA TECHNOLOGIES INC","Information Technology","Equity","15,365,338.17","0.02","15,365,338.17","730,639.00","21.03","United States","NASDAQ","USD","1.00","USD","-"
"FBIZ","FIRST BUSINESS FINANCIAL SERVICES","Financials","Equity","15,323,832.08","0.02","15,323,832.08","217,421.00","70.48","United States","NASDAQ","USD","1.00","USD","-"
"SHEN","SHENANDOAH TELECOMMUNICATIONS","Communication","Equity","15,318,585.89","0.02","15,318,585.89","1,258,717.00","12.17","United States","NASDAQ","USD","1.00","USD","-"
"HOV","HOVNANIAN ENTERPRISES CLASS A","Consumer Discretionary","Equity","15,237,430.50","0.02","15,237,430.50","122,389.00","124.50","United States","NYSE","USD","1.00","USD","-"
"ANGO","ANGIODYNAMICS","Health Care","Equity","15,219,725.92","0.02","15,219,725.92","962,056.00","15.82","United States","NASDAQ","USD","1.00","USD","-"
"REPX","RILEY EXPLORATION PERMIAN INC","Energy","Equity","15,175,220.49","0.02","15,175,220.49","402,419.00","37.71","United States","Nyse Mkt Llc","USD","1.00","USD","-"
"VSTM","VERASTEM INC","Health Care","Equity","15,176,830.06","0.02","15,176,830.06","2,042,642.00","7.43","United States","NASDAQ","USD","1.00","USD","-"
"ALT","ALTIMMUNE INC","Health Care","Equity","15,155,933.76","0.02","15,155,933.76","5,103,008.00","2.97","United States","NASDAQ","USD","1.00","USD","-"
"EBF","ENNIS INC","Industrials","Equity","15,134,527.50","0.02","15,134,527.50","671,750.00","22.53","United States","NYSE","USD","1.00","USD","-"
"LXRX","LEXICON PHARMACEUTICALS INC","Health Care","Equity","15,126,919.06","0.02","15,126,919.06","6,250,793.00","2.42","United States","NASDAQ","USD","1.00","USD","-"
"HBT","HBT FINANCIAL INC","Financials","Equity","15,099,867.50","0.02","15,099,867.50","413,695.00","36.50","United States","NASDAQ","USD","1.00","USD","-"
"BRSP","BRIGHTSPIRE CAPITAL CLASS A","Financials","Equity","15,079,712.15","0.02","15,079,712.15","3,109,219.00","4.85","United States","NYSE","USD","1.00","USD","-"
"NTGR","NETGEAR","Information Technology","Equity","15,060,357.76","0.02","15,060,357.76","680,848.00","22.12","United States","NASDAQ","USD","1.00","USD","-"
"CLB","CORE LABORATORIES","Energy","Equity","15,015,974.68","0.02","15,015,974.68","1,199,359.00","12.52","United States","NYSE","USD","1.00","USD","-"
"GIC","GLOBAL INDUSTRIAL","Industrials","Equity","15,010,840.96","0.02","15,010,840.96","384,499.00","39.04","United States","NYSE","USD","1.00","USD","-"
"NXDR","NEXTDOOR HOLDINGS CLASS A","Communication","Equity","14,943,164.08","0.02","14,943,164.08","6,049,864.00","2.47","United States","NYSE","USD","1.00","USD","-"
"PHR","PHREESIA INC","Health Care","Equity","14,946,726.08","0.02","14,946,726.08","1,306,532.00","11.44","United States","NYSE","USD","1.00","USD","-"
"NAVI","NAVIENT","Financials","Equity","14,926,266.00","0.02","14,926,266.00","1,658,474.00","9.00","United States","NASDAQ","USD","1.00","USD","-"
"RWT","REDWOOD TRUST REIT","Financials","Equity","14,910,724.29","0.02","14,910,724.29","3,152,373.00","4.73","United States","NYSE","USD","1.00","USD","-"
"MLAB","MESA LABORATORIES","Health Care","Equity","14,820,162.00","0.02","14,820,162.00","137,300.00","107.94","United States","NASDAQ","USD","1.00","USD","-"
"ACHV","ACHIEVE LIFE SCIENCES","Health Care","Equity","14,820,340.80","0.02","14,820,340.80","1,970,790.00","7.52","United States","NASDAQ","USD","1.00","USD","-"
"FOR","FORESTAR GROUP INC","Real Estate","Equity","14,753,747.25","0.02","14,753,747.25","514,965.00","28.65","United States","NYSE","USD","1.00","USD","-"
"MNTN","MNTN CLASS A","Communication","Equity","14,711,800.00","0.02","14,711,800.00","1,176,944.00","12.50","United States","NYSE","USD","1.00","USD","-"
"MBUU","MALIBU BOATS CLASS A INC","Consumer Discretionary","Equity","14,685,384.35","0.02","14,685,384.35","500,695.00","29.33","United States","NASDAQ","USD","1.00","USD","-"
"TRTX","TPG RE FINANCE TRUST INC","Financials","Equity","14,672,843.80","0.02","14,672,843.80","1,857,322.00","7.90","United States","NYSE","USD","1.00","USD","-"
"CTKB","CYTEK BIOSCIENCES","Health Care","Equity","14,610,487.28","0.02","14,610,487.28","3,128,584.00","4.67","United States","NASDAQ","USD","1.00","USD","-"
"NVEC","NVE CORP","Information Technology","Equity","14,612,527.02","0.02","14,612,527.02","127,309.00","114.78","United States","NASDAQ","USD","1.00","USD","-"
"MEI","METHODE ELECTRONICS","Information Technology","Equity","14,601,664.34","0.02","14,601,664.34","912,034.00","16.01","United States","NYSE","USD","1.00","USD","-"
"AMSF","AMERISAFE INC","Financials","Equity","14,495,434.87","0.02","14,495,434.87","546,379.00","26.53","United States","NASDAQ","USD","1.00","USD","-"
"BCAL","CALIFORNIA BANCORP","Financials","Equity","14,408,712.68","0.02","14,408,712.68","665,837.00","21.64","United States","NASDAQ","USD","1.00","USD","-"
"MMED","MINIMED INC","Health Care","Equity","14,399,212.96","0.02","14,399,212.96","743,761.00","19.36","United States","NASDAQ","USD","1.00","USD","-"
"GEFB","GREIF INC CLASS B","Materials","Equity","14,378,755.30","0.02","14,378,755.30","129,515.00","111.02","United States","NYSE","USD","1.00","USD","-"
"JCAP","JEFFERSON CAPITAL INC","Financials","Equity","14,367,405.36","0.02","14,367,405.36","616,098.00","23.32","United States","NASDAQ","USD","1.00","USD","-"
"NMAX","NEWSMAX INC CLASS B","Communication","Equity","14,329,356.66","0.02","14,329,356.66","1,253,662.00","11.43","United States","NYSE","USD","1.00","USD","-"
"CARS","CARS.COM INC","Communication","Equity","14,292,655.13","0.02","14,292,655.13","1,204,099.00","11.87","United States","NYSE","USD","1.00","USD","-"
"HNRG","HALLADOR ENERGY","Utilities","Equity","14,282,212.90","0.02","14,282,212.90","904,510.00","15.79","United States","NASDAQ","USD","1.00","USD","-"
"SPT","SPROUT SOCIAL CLASS A","Information Technology","Equity","14,231,945.79","0.02","14,231,945.79","1,450,759.00","9.81","United States","NASDAQ","USD","1.00","USD","-"
"ARVN","ARVINAS INC","Health Care","Equity","14,192,440.86","0.02","14,192,440.86","1,532,661.00","9.26","United States","NASDAQ","USD","1.00","USD","-"
"NXRT","NEXPOINT RESIDENTIAL TRUST INC","Real Estate","Equity","14,181,192.12","0.02","14,181,192.12","603,969.00","23.48","United States","NYSE","USD","1.00","USD","-"
"MOV","MOVADO GROUP INC","Consumer Discretionary","Equity","14,168,044.80","0.02","14,168,044.80","400,680.00","35.36","United States","NYSE","USD","1.00","USD","-"
"CERS","CERUS CORP","Health Care","Equity","14,142,990.72","0.02","14,142,990.72","5,124,272.00","2.76","United States","NASDAQ","USD","1.00","USD","-"
"ONT","ONTERRIS INC","Industrials","Equity","14,142,997.37","0.02","14,142,997.37","878,993.00","16.09","United States","NYSE","USD","1.00","USD","-"
"TCMD","TACTILE SYSTEMS TECHNOLOGY","Health Care","Equity","14,110,780.95","0.02","14,110,780.95","591,647.00","23.85","United States","NASDAQ","USD","1.00","USD","-"
"OPK","OPKO HEALTH","Health Care","Equity","14,086,640.64","0.02","14,086,640.64","10,357,824.00","1.36","United States","NASDAQ","USD","1.00","USD","-"
"SATL","SATELLOGIC CLASS A","Industrials","Equity","14,020,104.98","0.02","14,020,104.98","2,442,527.00","5.74","United States","NASDAQ","USD","1.00","USD","-"
"EVC","ENTRAVISION COMMUNICATIONS CORP CL","Communication","Equity","14,023,417.38","0.02","14,023,417.38","1,665,489.00","8.42","United States","NYSE","USD","1.00","USD","-"
"MNPR","MONOPAR THERAPEUTICS","Health Care","Equity","13,973,731.85","0.02","13,973,731.85","117,377.00","119.05","United States","NASDAQ","USD","1.00","USD","-"
"HBCP","HOME BANCORP INC","Financials","Equity","13,924,747.60","0.02","13,924,747.60","194,888.00","71.45","United States","NASDAQ","USD","1.00","USD","-"
"ETD","ETHAN ALLEN INTERIORS","Consumer Discretionary","Equity","13,910,873.98","0.02","13,910,873.98","621,854.00","22.37","United States","NYSE","USD","1.00","USD","-"
"RGNX","REGENXBIO","Health Care","Equity","13,903,532.55","0.02","13,903,532.55","1,255,965.00","11.07","United States","NASDAQ","USD","1.00","USD","-"
"XMAX","XMAX INC","Consumer Discretionary","Equity","13,904,301.55","0.02","13,904,301.55","1,567,565.00","8.87","United States","NASDAQ","USD","1.00","USD","-"
"ALLO","ALLOGENE THERAPEUTICS","Health Care","Equity","13,880,187.93","0.02","13,880,187.93","6,837,531.00","2.03","United States","NASDAQ","USD","1.00","USD","-"
"VTS","VITESSE ENERGY INC","Energy","Equity","13,856,147.55","0.02","13,856,147.55","842,319.00","16.45","United States","NYSE","USD","1.00","USD","-"
"CVLG","COVENANT LOGISTICS GROUP INC CLASS","Industrials","Equity","13,837,136.85","0.02","13,837,136.85","406,377.00","34.05","United States","NYSE","USD","1.00","USD","-"
"UHT","UNIVERSAL HEALTH REALTY INCOME TRU","Real Estate","Equity","13,770,016.80","0.02","13,770,016.80","340,842.00","40.40","United States","NYSE","USD","1.00","USD","-"
"BSRR","SIERRA BANCORP","Financials","Equity","13,716,407.55","0.02","13,716,407.55","337,427.00","40.65","United States","NASDAQ","USD","1.00","USD","-"
"ARHS","ARHAUS INC CLASS A","Consumer Discretionary","Equity","13,691,341.17","0.02","13,691,341.17","1,365,039.00","10.03","United States","NASDAQ","USD","1.00","USD","-"
"SOC","SABLE OFFSHORE CLASS A","Energy","Equity","13,693,129.38","0.02","13,693,129.38","3,431,862.00","3.99","United States","NYSE","USD","1.00","USD","-"
"AKTS","AKTIS ONCOLOGY INC","Health Care","Equity","13,614,825.00","0.02","13,614,825.00","544,593.00","25.00","United States","NASDAQ","USD","1.00","USD","-"
"MDXG","MIMEDX GROUP","Health Care","Equity","13,598,873.54","0.02","13,598,873.54","3,133,381.00","4.34","United States","NASDAQ","USD","1.00","USD","-"
"RRBI","RED RIVER BANCSHARES INC","Financials","Equity","13,592,958.53","0.02","13,592,958.53","133,513.00","101.81","United States","NASDAQ","USD","1.00","USD","-"
"AHRT","AH REALTY INC","Real Estate","Equity","13,562,255.67","0.02","13,562,255.67","2,027,243.00","6.69","United States","NYSE","USD","1.00","USD","-"
"RYAM","RAYONIER ADVANCED MATERIALS","Materials","Equity","13,535,746.41","0.02","13,535,746.41","1,613,319.00","8.39","United States","NYSE","USD","1.00","USD","-"
"EVH","EVOLENT HEALTH CLASS A","Health Care","Equity","13,520,979.82","0.02","13,520,979.82","2,952,179.00","4.58","United States","NYSE","USD","1.00","USD","-"
"GDYN","GRID DYNAMICS HOLDINGS CLASS A","Information Technology","Equity","13,448,999.85","0.02","13,448,999.85","1,753,455.00","7.67","United States","NASDAQ","USD","1.00","USD","-"
"COFS","CHOICEONE FINANCIAL SERVICES INC","Financials","Equity","13,364,738.02","0.02","13,364,738.02","392,734.00","34.03","United States","NASDAQ","USD","1.00","USD","-"
"HIFS","HINGHAM INSTITUTION FOR SAVINGS","Financials","Equity","13,357,947.68","0.02","13,357,947.68","43,252.00","308.84","United States","NASDAQ","USD","1.00","USD","-"
"NVRI","ENVIRI CORP","Industrials","Equity","13,323,051.18","0.02","13,323,051.18","677,673.00","19.66","United States","NYSE","USD","1.00","USD","-"
"FMAO","FARMERS AND MERCHANTS BANCORP INC","Financials","Equity","13,327,527.50","0.02","13,327,527.50","382,700.00","34.83","United States","NASDAQ","USD","1.00","USD","-"
"RGR","STURM RUGER","Consumer Discretionary","Equity","13,311,490.40","0.02","13,311,490.40","354,029.00","37.60","United States","NYSE","USD","1.00","USD","-"
"BDN","BRANDYWINE REALTY TRUST REIT","Real Estate","Equity","13,285,450.90","0.02","13,285,450.90","4,458,205.00","2.98","United States","NYSE","USD","1.00","USD","-"
"RHLD","RESOLUTE HOLDINGS MANAGEMENT INC","Industrials","Equity","13,235,373.48","0.02","13,235,373.48","104,347.00","126.84","United States","NYSE","USD","1.00","USD","-"
"YEXT","YEXT","Information Technology","Equity","13,216,350.60","0.02","13,216,350.60","2,199,060.00","6.01","United States","NYSE","USD","1.00","USD","-"
"RPC","RIDGEPOST CAPITAL INC CLASS A","Financials","Equity","13,218,311.40","0.02","13,218,311.40","1,551,445.00","8.52","United States","NYSE","USD","1.00","USD","-"
"METC","RAMACO RESOURCES INC CLASS A","Materials","Equity","13,197,088.00","0.02","13,197,088.00","1,137,680.00","11.60","United States","NASDAQ","USD","1.00","USD","-"
"OIS","OIL STATES INTERNATIONAL","Energy","Equity","13,159,528.20","0.02","13,159,528.20","1,467,060.00","8.97","United States","NYSE","USD","1.00","USD","-"
"KELYA","KELLY SERVICES INC CLASS A","Industrials","Equity","13,135,320.00","0.02","13,135,320.00","796,080.00","16.50","United States","NASDAQ","USD","1.00","USD","-"
"FEIM","FREQUENCY ELECTRONICS INC","Information Technology","Equity","13,136,784.37","0.02","13,136,784.37","174,761.00","75.17","United States","NASDAQ","USD","1.00","USD","-"
"OXM","OXFORD INDUSTRIES INC","Consumer Discretionary","Equity","13,095,126.96","0.02","13,095,126.96","367,944.00","35.59","United States","NYSE","USD","1.00","USD","-"
"CMCO","COLUMBUS MCKINNON CORP","Industrials","Equity","13,070,255.20","0.02","13,070,255.20","734,284.00","17.80","United States","NASDAQ","USD","1.00","USD","-"
"ATLC","ATLANTICUS HOLDINGS CORP","Financials","Equity","13,072,499.86","0.02","13,072,499.86","133,967.00","97.58","United States","NASDAQ","USD","1.00","USD","-"
"OOMA","OOMA","Information Technology","Equity","13,050,839.36","0.02","13,050,839.36","631,696.00","20.66","United States","NYSE","USD","1.00","USD","-"
"DDD","3D SYSTEMS CORP","Industrials","Equity","12,963,719.12","0.02","12,963,719.12","3,768,523.00","3.44","United States","NYSE","USD","1.00","USD","-"
"NRGV","ENERGY VAULT HOLDINGS","Industrials","Equity","12,946,287.20","0.02","12,946,287.20","3,546,928.00","3.65","United States","NYSE","USD","1.00","USD","-"
"OBT","ORANGE COUNTY BANCORP INC","Financials","Equity","12,926,701.15","0.02","12,926,701.15","332,905.00","38.83","United States","NASDAQ","USD","1.00","USD","-"
"GSM","FERROGLOBE PLC","Materials","Equity","12,919,637.12","0.02","12,919,637.12","3,105,682.00","4.16","United States","NASDAQ","USD","1.00","USD","-"
"URG","UR ENERGY INC","Energy","Equity","12,842,044.10","0.02","12,842,044.10","9,583,615.00","1.34","United States","Nyse Mkt Llc","USD","1.00","USD","-"
"CCOI","COGENT COMMUNICATIONS HOLDINGS INC","Communication","Equity","12,801,888.80","0.02","12,801,888.80","1,263,760.00","10.13","United States","NASDAQ","USD","1.00","USD","-"
"TBLA","TABOOLA.COM LTD","Communication","Equity","12,790,713.96","0.02","12,790,713.96","3,339,612.00","3.83","United States","NASDAQ","USD","1.00","USD","-"
"HYLN","HYLIION HOLDINGS CORP","Industrials","Equity","12,786,724.78","0.02","12,786,724.78","3,312,623.00","3.86","United States","Nyse Mkt Llc","USD","1.00","USD","-"
"CSV","CARRIAGE SERVICES INC","Consumer Discretionary","Equity","12,755,288.55","0.02","12,755,288.55","371,333.00","34.35","United States","NYSE","USD","1.00","USD","-"
"CTGO","CONTANGO SILVER AND GOLD INC","Materials","Equity","12,714,757.40","0.02","12,714,757.40","663,956.00","19.15","United States","Nyse Mkt Llc","USD","1.00","USD","-"
"CPS","COOPER STANDARD HOLDINGS","Consumer Discretionary","Equity","12,713,224.24","0.02","12,713,224.24","455,998.00","27.88","United States","NYSE","USD","1.00","USD","-"
"YORW","YORK WATER","Utilities","Equity","12,664,723.68","0.02","12,664,723.68","379,638.00","33.36","United States","NASDAQ","USD","1.00","USD","-"
"STLN","STARLING ONCOLOGY","Health Care","Equity","12,660,025.60","0.02","12,660,025.60","1,978,129.00","6.40","United States","NASDAQ","USD","1.00","USD","-"
"CLMB","CLIMB GLOBAL SOLUTIONS INC","Information Technology","Equity","12,661,365.15","0.02","12,661,365.15","446,609.00","28.35","United States","NASDAQ","USD","1.00","USD","-"
"DCTH","DELCATH SYS INC","Health Care","Equity","12,620,805.90","0.02","12,620,805.90","748,565.00","16.86","United States","NASDAQ","USD","1.00","USD","-"
"WTBA","WEST BANCORPORATION INC","Financials","Equity","12,599,465.78","0.02","12,599,465.78","432,377.00","29.14","United States","NASDAQ","USD","1.00","USD","-"
"WEAV","WEAVE COMMUNICATIONS","Information Technology","Equity","12,597,159.12","0.02","12,597,159.12","1,730,379.00","7.28","United States","NYSE","USD","1.00","USD","-"
"HTLD","HEARTLAND EXPRESS INC","Industrials","Equity","12,578,117.25","0.02","12,578,117.25","986,519.00","12.75","United States","NASDAQ","USD","1.00","USD","-"
"PKOH","PARK OHIO HOLDINGS CORP","Industrials","Equity","12,579,573.76","0.02","12,579,573.76","265,616.00","47.36","United States","NASDAQ","USD","1.00","USD","-"
"BWB","BRIDGEWATER BANCSHARES INC","Financials","Equity","12,581,552.55","0.02","12,581,552.55","562,933.00","22.35","United States","NASDAQ","USD","1.00","USD","-"
"RBB","RBB BANCORP","Financials","Equity","12,511,074.50","0.02","12,511,074.50","459,122.00","27.25","United States","NASDAQ","USD","1.00","USD","-"
"ODD","ODDITY TECH CLASS A","Consumer Staples","Equity","12,513,528.00","0.02","12,513,528.00","1,017,360.00","12.30","Israel","NASDAQ","USD","1.00","USD","-"
"WRLD","WORLD ACCEPTANCE CORP","Financials","Equity","12,491,567.80","0.02","12,491,567.80","66,058.00","189.10","United States","NASDAQ","USD","1.00","USD","-"
"WNC","WABASH NATIONAL","Industrials","Equity","12,491,692.64","0.02","12,491,692.64","1,037,516.00","12.04","United States","NYSE","USD","1.00","USD","-"
"IMMX","IMMIX BIOPHARMA","Health Care","Equity","12,469,257.82","0.02","12,469,257.82","1,055,822.00","11.81","United States","NASDAQ","USD","1.00","USD","-"
"EOLS","EVOLUS INC","Health Care","Equity","12,439,170.58","0.02","12,439,170.58","1,520,681.00","8.18","United States","NASDAQ","USD","1.00","USD","-"
"GRPN","GROUPON","Consumer Discretionary","Equity","12,428,728.50","0.02","12,428,728.50","614,675.00","20.22","United States","NASDAQ","USD","1.00","USD","-"
"LMB","LIMBACH HOLDINGS INC","Industrials","Equity","12,344,956.10","0.02","12,344,956.10","286,094.00","43.15","United States","NASDAQ","USD","1.00","USD","-"
"ILPT","INDUSTRIAL LOGISTICS PROPERTIES TR","Real Estate","Equity","12,330,114.21","0.02","12,330,114.21","1,462,647.00","8.43","United States","NASDAQ","USD","1.00","USD","-"
"DSGN","DESIGN THERAPEUTICS","Health Care","Equity","12,323,790.93","0.02","12,323,790.93","807,059.00","15.27","United States","NASDAQ","USD","1.00","USD","-"
"TATT","TAT TECHNOLOGIES LTD","Industrials","Equity","12,161,437.68","0.01","12,161,437.68","303,884.00","40.02","Israel","NASDAQ","USD","1.00","USD","-"
"XRN","CHIRON REAL ESTATE INC","Real Estate","Equity","12,148,523.41","0.01","12,148,523.41","336,431.00","36.11","United States","NYSE","USD","1.00","USD","-"
"BTBT","BIT DIGITAL","Information Technology","Equity","12,107,697.20","0.01","12,107,697.20","8,350,136.00","1.45","United States","NASDAQ","USD","1.00","USD","-"
"UNTY","UNITY BANCORP INC","Financials","Equity","12,053,254.40","0.01","12,053,254.40","200,320.00","60.17","United States","NASDAQ","USD","1.00","USD","-"
"AQST","AQUESTIVE THERAPEUTICS INC","Health Care","Equity","12,037,321.44","0.01","12,037,321.44","2,786,417.00","4.32","United States","NASDAQ","USD","1.00","USD","-"
"SD","SANDRIDGE ENERGY INC","Energy","Equity","12,020,047.90","0.01","12,020,047.90","837,634.00","14.35","United States","NYSE","USD","1.00","USD","-"
"HSHP","HIMALAYA SHIPPING LTD","Industrials","Equity","12,022,774.19","0.01","12,022,774.19","759,493.00","15.83","Norway","NYSE","USD","1.00","USD","-"
"TIPT","TIPTREE INC","Financials","Equity","11,969,625.20","0.01","11,969,625.20","677,015.00","17.68","United States","NASDAQ","USD","1.00","USD","-"
"SLDP","SOLID POWER CLASS A","Consumer Discretionary","Equity","11,902,034.62","0.01","11,902,034.62","5,266,387.00","2.26","United States","NASDAQ","USD","1.00","USD","-"
"CBAN","COLONY BANKCORP INC","Financials","Equity","11,880,953.98","0.01","11,880,953.98","539,798.00","22.01","United States","NYSE","USD","1.00","USD","-"
"BWFG","BANKWELL FINANCIAL GROUP INC","Financials","Equity","11,847,923.01","0.01","11,847,923.01","175,707.00","67.43","United States","NASDAQ","USD","1.00","USD","-"
"CZNC","CITIZENS AND NORTHERN CORP","Financials","Equity","11,826,310.01","0.01","11,826,310.01","453,289.00","26.09","United States","NASDAQ","USD","1.00","USD","-"
"DIN","DINE BRANDS GLOBAL","Consumer Discretionary","Equity","11,791,763.28","0.01","11,791,763.28","337,293.00","34.96","United States","NYSE","USD","1.00","USD","-"
"PHAT","PHATHOM PHARMACEUTICALS","Health Care","Equity","11,698,502.75","0.01","11,698,502.75","1,264,703.00","9.25","United States","NASDAQ","USD","1.00","USD","-"
"BBW","BUILD A BEAR WORKSHOP","Consumer Discretionary","Equity","11,685,885.12","0.01","11,685,885.12","312,123.00","37.44","United States","NYSE","USD","1.00","USD","-"
"RLMD","RELMADA THERAPEUTICS INC","Health Care","Equity","11,675,414.70","0.01","11,675,414.70","2,407,302.00","4.85","United States","NASDAQ","USD","1.00","USD","-"
"IDR","IDAHO STRATEGIC RESOURCES INC","Materials","Equity","11,657,498.60","0.01","11,657,498.60","391,060.00","29.81","United States","Nyse Mkt Llc","USD","1.00","USD","-"
"AEBI","AEBI SCHMIDT HOLDING AG","Industrials","Equity","11,620,404.32","0.01","11,620,404.32","961,954.00","12.08","United States","NASDAQ","USD","1.00","USD","-"
"ASPI","ASP ISOTOPES INC","Materials","Equity","11,607,992.72","0.01","11,607,992.72","3,007,252.00","3.86","United States","NASDAQ","USD","1.00","USD","-"
"STTK","SHATTUCK LABS INC","Health Care","Equity","11,595,112.95","0.01","11,595,112.95","1,556,391.00","7.45","United States","NASDAQ","USD","1.00","USD","-"
"CWCO","CONSOLIDATED WATER LTD","Utilities","Equity","11,595,954.24","0.01","11,595,954.24","385,632.00","30.07","United States","NASDAQ","USD","1.00","USD","-"
"HNST","THE HONEST COMPANY","Consumer Staples","Equity","11,584,395.00","0.01","11,584,395.00","2,438,820.00","4.75","United States","NASDAQ","USD","1.00","USD","-"
"OCGN","OCUGEN","Health Care","Equity","11,551,537.00","0.01","11,551,537.00","8,620,550.00","1.34","United States","NASDAQ","USD","1.00","USD","-"
"SB","SAFE BULKERS INC","Industrials","Equity","11,553,909.29","0.01","11,553,909.29","1,438,843.00","8.03","Monaco","NYSE","USD","1.00","USD","-"
"LXFR","LUXFER HOLDINGS PLC","Industrials","Equity","11,496,586.50","0.01","11,496,586.50","672,315.00","17.10","United States","NYSE","USD","1.00","USD","-"
"ASIX","ADVANSIX","Materials","Equity","11,486,115.36","0.01","11,486,115.36","693,606.00","16.56","United States","NYSE","USD","1.00","USD","-"
"MCFT","MASTERCRAFT BOAT HOLDINGS INC","Consumer Discretionary","Equity","11,438,674.86","0.01","11,438,674.86","454,999.00","25.14","United States","NASDAQ","USD","1.00","USD","-"
"FWRD","FORWARD AIR CORP","Industrials","Equity","11,380,222.84","0.01","11,380,222.84","593,338.00","19.18","United States","NASDAQ","USD","1.00","USD","-"
"CENT","CENTRAL GARDEN AND PET","Consumer Staples","Equity","11,358,439.92","0.01","11,358,439.92","256,514.00","44.28","United States","NASDAQ","USD","1.00","USD","-"
"CBNK","CAPITAL BANCORP INC","Financials","Equity","11,329,404.08","0.01","11,329,404.08","303,412.00","37.34","United States","NASDAQ","USD","1.00","USD","-"
"GLRE","GREENLIGHT CAPITAL LTD CLASS A","Financials","Equity","11,320,966.80","0.01","11,320,966.80","725,703.00","15.60","United States","NASDAQ","USD","1.00","USD","-"
"ITIC","INVESTORS TITLE","Financials","Equity","11,315,059.92","0.01","11,315,059.92","38,862.00","291.16","United States","NASDAQ","USD","1.00","USD","-"
"GTN","GRAY MEDIA INC","Communication","Equity","11,308,802.04","0.01","11,308,802.04","2,326,914.00","4.86","United States","NYSE","USD","1.00","USD","-"
"OLP","ONE LIBERTY PROPERTIES REIT INC","Real Estate","Equity","11,250,506.60","0.01","11,250,506.60","466,826.00","24.10","United States","NYSE","USD","1.00","USD","-"
"BFS","SAUL CENTERS REIT INC","Real Estate","Equity","11,235,339.54","0.01","11,235,339.54","330,354.00","34.01","United States","NYSE","USD","1.00","USD","-"
"FIP","FTAI INFRASTRUCTURE","Industrials","Equity","11,226,600.71","0.01","11,226,600.71","2,785,757.00","4.03","United States","NASDAQ","USD","1.00","USD","-"
"KIDS","ORTHOPEDIATRICS CORP","Health Care","Equity","11,202,481.50","0.01","11,202,481.50","439,313.00","25.50","United States","NASDAQ","USD","1.00","USD","-"
"LOCO","EL POLLO LOCO INC","Consumer Discretionary","Equity","11,186,044.88","0.01","11,186,044.88","732,071.00","15.28","United States","NASDAQ","USD","1.00","USD","-"
"CAL","CALERES INC","Consumer Discretionary","Equity","11,172,763.80","0.01","11,172,763.80","864,765.00","12.92","United States","NYSE","USD","1.00","USD","-"
"FRST","PRIMIS FINANCIAL CORP","Financials","Equity","11,154,427.47","0.01","11,154,427.47","674,799.00","16.53","United States","NASDAQ","USD","1.00","USD","-"
"PLBC","PLUMAS BANCORP","Financials","Equity","11,138,670.20","0.01","11,138,670.20","179,830.00","61.94","United States","NASDAQ","USD","1.00","USD","-"
"CLPT","CLEARPOINT NEURO INC","Health Care","Equity","11,058,296.04","0.01","11,058,296.04","728,478.00","15.18","United States","NASDAQ","USD","1.00","USD","-"
"AGNT","AGNT INC","Real Estate","Equity","11,031,266.63","0.01","11,031,266.63","2,512,817.00","4.39","United States","NASDAQ","USD","1.00","USD","-"
"IMXI","INTERNATIONAL MONEY EXPRESS INC","Financials","Equity","11,012,084.16","0.01","11,012,084.16","758,408.00","14.52","United States","NASDAQ","USD","1.00","USD","-"
"NGS","NATURAL GAS SERVICES GROUP","Energy","Equity","10,964,025.66","0.01","10,964,025.66","291,674.00","37.59","United States","NYSE","USD","1.00","USD","-"
"GRND","GRINDR INC","Communication","Equity","10,954,193.88","0.01","10,954,193.88","686,353.00","15.96","United States","NYSE","USD","1.00","USD","-"
"BMRC","BANK OF MARIN BANCORP","Financials","Equity","10,959,253.49","0.01","10,959,253.49","390,983.00","28.03","United States","NASDAQ","USD","1.00","USD","-"
"SPIR","SPIRE GLOBAL CLASS A","Industrials","Equity","10,945,443.80","0.01","10,945,443.80","787,442.00","13.90","United States","NYSE","USD","1.00","USD","-"
"EYPT","EYEPOINT INC","Health Care","Equity","10,929,442.90","0.01","10,929,442.90","1,998,070.00","5.47","United States","NASDAQ","USD","1.00","USD","-"
"OVID","OVID THERAPEUTICS","Health Care","Equity","10,908,425.80","0.01","10,908,425.80","3,840,995.00","2.84","United States","NASDAQ","USD","1.00","USD","-"
"CHCT","COMMUNITY HEALTHCARE TRUST INC","Real Estate","Equity","10,897,804.44","0.01","10,897,804.44","736,836.00","14.79","United States","NYSE","USD","1.00","USD","-"
"CRML","CRITICAL METALS CORP","Materials","Equity","10,853,397.00","0.01","10,853,397.00","1,764,780.00","6.15","United States","NASDAQ","USD","1.00","USD","-"
"FRBA","FIRST BANK","Financials","Equity","10,859,229.54","0.01","10,859,229.54","577,926.00","18.79","United States","NASDAQ","USD","1.00","USD","-"
"OABI","OMNIAB INC","Health Care","Equity","10,831,587.20","0.01","10,831,587.20","2,763,160.00","3.92","United States","NASDAQ","USD","1.00","USD","-"
"PBYI","PUMA BIOTECHNOLOGY INC","Health Care","Equity","10,752,384.72","0.01","10,752,384.72","1,163,678.00","9.24","United States","NASDAQ","USD","1.00","USD","-"
"FPI","FARMLAND PARTNERS INC","Real Estate","Equity","10,745,696.64","0.01","10,745,696.64","1,081,056.00","9.94","United States","NYSE","USD","1.00","USD","-"
"CCCC","C4 THERAPEUTICS","Health Care","Equity","10,727,062.94","0.01","10,727,062.94","2,566,283.00","4.18","United States","NASDAQ","USD","1.00","USD","-"
"KRT","KARAT PACKAGING INC","Industrials","Equity","10,699,121.16","0.01","10,699,121.16","223,457.00","47.88","United States","NASDAQ","USD","1.00","USD","-"
"PKBK","PARKE BANCORP INC","Financials","Equity","10,691,825.97","0.01","10,691,825.97","304,871.00","35.07","United States","NASDAQ","USD","1.00","USD","-"
"DGICA","DONEGAL GROUP INC CLASS A","Financials","Equity","10,696,209.16","0.01","10,696,209.16","574,756.00","18.61","United States","NASDAQ","USD","1.00","USD","-"
"MAX","MEDIAALPHA CLASS A","Communication","Equity","10,684,427.60","0.01","10,684,427.60","810,040.00","13.19","United States","NYSE","USD","1.00","USD","-"
"REAX","REAL BROKERAGE","Real Estate","Equity","10,670,050.10","0.01","10,670,050.10","4,026,434.00","2.65","Canada","NASDAQ","USD","1.00","USD","-"
"FNLC","FIRST BANCORP INC","Financials","Equity","10,631,975.60","0.01","10,631,975.60","298,651.00","35.60","United States","NASDAQ","USD","1.00","USD","-"
"ISTR","INVESTAR HOLDING CORP","Financials","Equity","10,608,883.10","0.01","10,608,883.10","343,886.00","30.85","United States","NASDAQ","USD","1.00","USD","-"
"ACCO","ACCO BRANDS CORP","Industrials","Equity","10,606,730.24","0.01","10,606,730.24","2,478,208.00","4.28","United States","NYSE","USD","1.00","USD","-"
"HVT","HAVERTY FURNITURE COMPANIES INC","Consumer Discretionary","Equity","10,582,552.76","0.01","10,582,552.76","373,414.00","28.34","United States","NYSE","USD","1.00","USD","-"
"NUAI","NEW ERA ENERGY AND DIGITAL INC","Energy","Equity","10,553,189.76","0.01","10,553,189.76","2,057,152.00","5.13","United States","NASDAQ","USD","1.00","USD","-"
"ALMR","ALAMAR BIOSCIENCES INC","Health Care","Equity","10,476,368.96","0.01","10,476,368.96","317,851.00","32.96","United States","NASDAQ","USD","1.00","USD","-"
"ERII","ENERGY RECOVERY","Industrials","Equity","10,478,288.16","0.01","10,478,288.16","1,329,732.00","7.88","United States","NASDAQ","USD","1.00","USD","-"
"BATRA","ATLANTA BRAVES HOLDINGS SERIES A","Communication","Equity","10,473,915.87","0.01","10,473,915.87","185,609.00","56.43","United States","NASDAQ","USD","1.00","USD","-"
"NGNE","NEUROGENE INC","Health Care","Equity","10,448,456.40","0.01","10,448,456.40","292,920.00","35.67","United States","NASDAQ","USD","1.00","USD","-"
"MAGN","MAGNERA","Materials","Equity","10,422,516.07","0.01","10,422,516.07","852,209.00","12.23","United States","NYSE","USD","1.00","USD","-"
"OFIX","ORTHOFIX MEDICAL","Health Care","Equity","10,412,187.10","0.01","10,412,187.10","1,018,805.00","10.22","United States","NASDAQ","USD","1.00","USD","-"
"PDLB","PONCE FINANCIAL GROUP INC","Financials","Equity","10,412,370.15","0.01","10,412,370.15","504,231.00","20.65","United States","NASDAQ","USD","1.00","USD","-"
"DFH","DREAM FINDERS HOMES INC CLASS A","Consumer Discretionary","Equity","10,368,338.14","0.01","10,368,338.14","725,566.00","14.29","United States","NYSE","USD","1.00","USD","-"
"BELFA","BEL FUSE CLASS A","Information Technology","Equity","10,368,665.22","0.01","10,368,665.22","44,921.00","230.82","United States","NASDAQ","USD","1.00","USD","-"
"IPI","INTREPID POTASH INC","Materials","Equity","10,351,981.97","0.01","10,351,981.97","284,317.00","36.41","United States","NYSE","USD","1.00","USD","-"
"VITL","VITAL FARMS INC","Consumer Staples","Equity","10,299,590.76","0.01","10,299,590.76","935,476.00","11.01","United States","NASDAQ","USD","1.00","USD","-"
"CYH","COMMUNITY HEALTH SYSTEMS INC","Health Care","Equity","10,278,568.32","0.01","10,278,568.32","3,449,184.00","2.98","United States","NYSE","USD","1.00","USD","-"
"VLGEA","VILLAGE SUPER MARKET INC CLASS A","Consumer Staples","Equity","10,238,544.90","0.01","10,238,544.90","237,995.00","43.02","United States","NASDAQ","USD","1.00","USD","-"
"AMCX","AMC GLOBAL MEDIA INC CLASS A","Communication","Equity","10,225,583.16","0.01","10,225,583.16","856,414.00","11.94","United States","NASDAQ","USD","1.00","USD","-"
"SVV","SAVERS VALUE VILLAGE","Consumer Discretionary","Equity","10,193,935.05","0.01","10,193,935.05","968,085.00","10.53","United States","NYSE","USD","1.00","USD","-"
"TTAM","TITAN AMERICA SA","Materials","Equity","10,118,046.86","0.01","10,118,046.86","668,299.00","15.14","Belgium","NYSE","USD","1.00","USD","-"
"MRAM","EVERSPIN TECHNOLOGIES INC","Information Technology","Equity","10,101,817.80","0.01","10,101,817.80","547,524.00","18.45","United States","NASDAQ","USD","1.00","USD","-"
"CWH","CAMPING WORLD HOLDINGS INC CLASS A","Consumer Discretionary","Equity","10,062,473.40","0.01","10,062,473.40","1,597,218.00","6.30","United States","NYSE","USD","1.00","USD","-"
"PRTA","PROTHENA PLC","Health Care","Equity","10,026,629.73","0.01","10,026,629.73","1,151,163.00","8.71","United States","NASDAQ","USD","1.00","USD","-"
"FTK","FLOTEK INDUSTRIES INC","Materials","Equity","10,029,310.62","0.01","10,029,310.62","371,181.00","27.02","United States","NYSE","USD","1.00","USD","-"
"SFIX","STITCH FIX CLASS A","Consumer Discretionary","Equity","10,030,218.15","0.01","10,030,218.15","3,067,345.00","3.27","United States","NASDAQ","USD","1.00","USD","-"
"SPRY","ARS PHARMACEUTICALS INC","Health Care","Equity","10,019,104.20","0.01","10,019,104.20","1,590,334.00","6.30","United States","NASDAQ","USD","1.00","USD","-"
"CZFS","CITIZENS FINANCIAL SERVICES INC","Financials","Equity","10,019,984.52","0.01","10,019,984.52","119,756.00","83.67","United States","NASDAQ","USD","1.00","USD","-"
"CMCL","CALEDONIA MINING PLC","Materials","Equity","10,021,192.74","0.01","10,021,192.74","434,382.00","23.07","Canada","Nyse Mkt Llc","USD","1.00","USD","-"
"NEWT","NEWTEKONE","Financials","Equity","10,012,613.13","0.01","10,012,613.13","782,847.00","12.79","United States","NASDAQ","USD","1.00","USD","-"
"MVBF","MVB FINANCIAL CORP","Financials","Equity","9,929,126.57","0.01","9,929,126.57","321,227.00","30.91","United States","NASDAQ","USD","1.00","USD","-"
"AIOT","POWERFLEET","Information Technology","Equity","9,921,409.03","0.01","9,921,409.03","3,318,197.00","2.99","United States","NASDAQ","USD","1.00","USD","-"
"SRTA","STRATA CRITICAL MEDICAL CLASS A","Health Care","Equity","9,925,444.20","0.01","9,925,444.20","1,741,306.00","5.70","United States","NASDAQ","USD","1.00","USD","-"
"KREF","KKR REAL ESTATE FINANCE INC TRUST","Financials","Equity","9,897,028.96","0.01","9,897,028.96","1,359,482.00","7.28","United States","NYSE","USD","1.00","USD","-"
"CRNC","CERENCE","Information Technology","Equity","9,859,037.65","0.01","9,859,037.65","1,163,995.00","8.47","United States","NASDAQ","USD","1.00","USD","-"
"NPCE","NEUROPACE","Health Care","Equity","9,850,843.19","0.01","9,850,843.19","680,777.00","14.47","United States","NASDAQ","USD","1.00","USD","-"
"GENB","GENERATE BIOMEDICINES INC","Health Care","Equity","9,822,146.40","0.01","9,822,146.40","610,830.00","16.08","United States","NASDAQ","USD","1.00","USD","-"
"CAPR","CAPRICOR THERAPEUTICS","Health Care","Equity","9,802,720.20","0.01","9,802,720.20","1,384,565.00","7.08","United States","NASDAQ","USD","1.00","USD","-"
"ASPN","ASPEN AEROGELS","Materials","Equity","9,733,121.46","0.01","9,733,121.46","1,744,287.00","5.58","United States","NYSE","USD","1.00","USD","-"
"TECX","TECTONIC THERAPEUTIC INC","Health Care","Equity","9,733,281.04","0.01","9,733,281.04","265,864.00","36.61","United States","NASDAQ","USD","1.00","USD","-"
"FSTR","LB FOSTER","Industrials","Equity","9,733,671.26","0.01","9,733,671.26","255,209.00","38.14","United States","NASDAQ","USD","1.00","USD","-"
"WTI","W AND T OFFSHORE","Energy","Equity","9,683,963.50","0.01","9,683,963.50","2,528,450.00","3.83","United States","NYSE","USD","1.00","USD","-"
"TITN","TITAN MACHINERY INC","Industrials","Equity","9,675,687.30","0.01","9,675,687.30","546,649.00","17.70","United States","NASDAQ","USD","1.00","USD","-"
"ENTA","ENANTA PHARMACEUTICALS INC","Health Care","Equity","9,675,962.80","0.01","9,675,962.80","727,516.00","13.30","United States","NASDAQ","USD","1.00","USD","-"
"ORN","ORION GROUP INC","Industrials","Equity","9,652,633.85","0.01","9,652,633.85","1,010,747.00","9.55","United States","NYSE","USD","1.00","USD","-"
"TSBK","TIMBERLAND BANCORP INC","Financials","Equity","9,636,868.32","0.01","9,636,868.32","205,872.00","46.81","United States","NASDAQ","USD","1.00","USD","-"
"IHRT","IHEARTMEDIA CLASS A","Communication","Equity","9,599,555.21","0.01","9,599,555.21","3,189,221.00","3.01","United States","NASDAQ","USD","1.00","USD","-"
"IBTA","IBOTTA CLASS A","Communication","Equity","9,600,048.40","0.01","9,600,048.40","260,305.00","36.88","United States","NYSE","USD","1.00","USD","-"
"NECB","NORTHEAST COMMUNITY BANCORP INC","Financials","Equity","9,604,402.90","0.01","9,604,402.90","357,041.00","26.90","United States","NASDAQ","USD","1.00","USD","-"
"ULCC","FRONTIER GROUP HOLDINGS","Industrials","Equity","9,591,773.70","0.01","9,591,773.70","1,559,638.00","6.15","United States","NASDAQ","USD","1.00","USD","-"
"FVR","FRONTVIEW REIT","Real Estate","Equity","9,579,585.12","0.01","9,579,585.12","485,288.00","19.74","United States","NYSE","USD","1.00","USD","-"
"AVIR","ATEA PHARMACEUTICALS","Health Care","Equity","9,580,480.80","0.01","9,580,480.80","1,814,485.00","5.28","United States","NASDAQ","USD","1.00","USD","-"
"XRX","XEROX HOLDINGS CORP","Information Technology","Equity","9,563,209.92","0.01","9,563,209.92","3,219,936.00","2.97","United States","NASDAQ","USD","1.00","USD","-"
"NPB","NORTHPOINTE BANCSHARES INC","Financials","Equity","9,538,091.86","0.01","9,538,091.86","548,797.00","17.38","United States","NYSE","USD","1.00","USD","-"
"IBEX","IBEX LTD","Industrials","Equity","9,529,178.08","0.01","9,529,178.08","268,882.00","35.44","United States","NASDAQ","USD","1.00","USD","-"
"HY","HYSTER YALE INC CLASS A","Industrials","Equity","9,529,813.59","0.01","9,529,813.59","285,923.00","33.33","United States","NYSE","USD","1.00","USD","-"
"CTNM","CONTINEUM THERAPEUTICS INC CLASS A","Health Care","Equity","9,531,865.00","0.01","9,531,865.00","657,370.00","14.50","United States","NASDAQ","USD","1.00","USD","-"
"RZLT","REZOLUTE","Health Care","Equity","9,516,516.86","0.01","9,516,516.86","2,042,171.00","4.66","United States","NASDAQ","USD","1.00","USD","-"
"IIIV","I3 VERTICALS CLASS A","Information Technology","Equity","9,505,846.68","0.01","9,505,846.68","588,962.00","16.14","United States","NASDAQ","USD","1.00","USD","-"
"BIOA","BIOAGE LABS","Health Care","Equity","9,468,025.90","0.01","9,468,025.90","905,165.00","10.46","United States","NASDAQ","USD","1.00","USD","-"
"AURA","AURA BIOSCIENCES","Health Care","Equity","9,447,933.60","0.01","9,447,933.60","1,157,835.00","8.16","United States","NASDAQ","USD","1.00","USD","-"
"FLGT","FULGENT GENETICS INC","Health Care","Equity","9,437,032.59","0.01","9,437,032.59","508,187.00","18.57","United States","NASDAQ","USD","1.00","USD","-"
"MEC","MAYVILLE ENGINEERING COMPANY INC","Industrials","Equity","9,421,858.32","0.01","9,421,858.32","404,719.00","23.28","United States","NYSE","USD","1.00","USD","-"
"CTRN","CITI TRENDS INC","Consumer Discretionary","Equity","9,426,354.57","0.01","9,426,354.57","131,049.00","71.93","United States","NASDAQ","USD","1.00","USD","-"
"NGVC","NATURAL GROCERS BY VITAMIN COTTAGE","Consumer Staples","Equity","9,426,473.05","0.01","9,426,473.05","338,473.00","27.85","United States","NYSE","USD","1.00","USD","-"
"RMR","RMR GROUP CLASS A","Real Estate","Equity","9,383,789.75","0.01","9,383,789.75","472,735.00","19.85","United States","NASDAQ","USD","1.00","USD","-"
"NWFL","NORWOOD FINANCIAL CORP","Financials","Equity","9,385,140.94","0.01","9,385,140.94","273,062.00","34.37","United States","NASDAQ","USD","1.00","USD","-"
"STRT","STRATTEC SECURITY CORP","Consumer Discretionary","Equity","9,373,950.72","0.01","9,373,950.72","114,624.00","81.78","United States","NASDAQ","USD","1.00","USD","-"
"TREE","LENDINGTREE","Financials","Equity","9,345,468.75","0.01","9,345,468.75","299,055.00","31.25","United States","NASDAQ","USD","1.00","USD","-"
"CTEV","CLARITEV CORP CLASS A","Health Care","Equity","9,305,377.20","0.01","9,305,377.20","261,387.00","35.60","United States","NYSE","USD","1.00","USD","-"
"YSWY","YESWAY INC CLASS A","Consumer Staples","Equity","9,311,881.32","0.01","9,311,881.32","373,671.00","24.92","United States","NASDAQ","USD","1.00","USD","-"
"PCB","PCB BANCORP","Financials","Equity","9,223,053.76","0.01","9,223,053.76","322,034.00","28.64","United States","NASDAQ","USD","1.00","USD","-"
"BCML","BAYCOM CORP","Financials","Equity","9,215,427.60","0.01","9,215,427.60","296,316.00","31.10","United States","NASDAQ","USD","1.00","USD","-"
"GEVO","GEVO","Energy","Equity","9,217,884.33","0.01","9,217,884.33","6,024,761.00","1.53","United States","NASDAQ","USD","1.00","USD","-"
"MPTI","M TRON INDUSTRIES INC","Information Technology","Equity","9,214,211.74","0.01","9,214,211.74","107,819.00","85.46","United States","Nyse Mkt Llc","USD","1.00","USD","-"
"SWIM","LATHAM GROUP INC","Consumer Discretionary","Equity","9,135,196.05","0.01","9,135,196.05","1,306,895.00","6.99","United States","NASDAQ","USD","1.00","USD","-"
"AVEX","AEVEX CORP CLASS A","Industrials","Equity","9,062,136.05","0.01","9,062,136.05","455,155.00","19.91","United States","NYSE","USD","1.00","USD","-"
"NVCT","NUVECTIS PHARMA INC","Health Care","Equity","9,041,463.09","0.01","9,041,463.09","432,399.00","20.91","United States","NASDAQ","USD","1.00","USD","-"
"KYTX","KYVERNA THERAPEUTICS","Health Care","Equity","9,021,866.00","0.01","9,021,866.00","1,061,396.00","8.50","United States","NASDAQ","USD","1.00","USD","-"
"TWI","TITAN INTERNATIONAL INC","Industrials","Equity","9,003,497.88","0.01","9,003,497.88","1,402,414.00","6.42","United States","NYSE","USD","1.00","USD","-"
"ARKO","ARKO","Consumer Discretionary","Equity","8,994,993.68","0.01","8,994,993.68","1,905,719.00","4.72","United States","NASDAQ","USD","1.00","USD","-"
"LXEO","LEXEO THERAPEUTICS","Health Care","Equity","8,997,121.82","0.01","8,997,121.82","1,824,974.00","4.93","United States","NASDAQ","USD","1.00","USD","-"
"CBIO","CRESCENT BIOPHARMA","Health Care","Equity","8,916,515.67","0.01","8,916,515.67","534,243.00","16.69","United States","NASDAQ","USD","1.00","USD","-"
"KRUS","KURA SUSHI USA","Consumer Discretionary","Equity","8,903,058.96","0.01","8,903,058.96","177,564.00","50.14","United States","NASDAQ","USD","1.00","USD","-"
"STRO","SUTRO BIOPHARMA INC","Health Care","Equity","8,865,281.44","0.01","8,865,281.44","402,236.00","22.04","United States","NASDAQ","USD","1.00","USD","-"
"WSBF","WATERSTONE FINANCIAL INC","Financials","Equity","8,848,749.84","0.01","8,848,749.84","417,788.00","21.18","United States","NASDAQ","USD","1.00","USD","-"
"FENC","FENNEC PHARMACEUTICALS","Health Care","Equity","8,842,129.18","0.01","8,842,129.18","744,914.00","11.87","United States","NASDAQ","USD","1.00","USD","-"
"CRCT","CRICUT INC CLASS A","Consumer Discretionary","Equity","8,842,736.24","0.01","8,842,736.24","1,613,638.00","5.48","United States","NASDAQ","USD","1.00","USD","-"
"WLTH","WEALTHFRONT","Financials","Equity","8,801,184.00","0.01","8,801,184.00","982,275.00","8.96","United States","NASDAQ","USD","1.00","USD","-"
"RNGR","RANGER ENERGY SERVICES INC CLASS A","Energy","Equity","8,784,126.00","0.01","8,784,126.00","500,520.00","17.55","United States","NYSE","USD","1.00","USD","-"
"FVCB","FVCBANKCORP INC","Financials","Equity","8,776,897.06","0.01","8,776,897.06","465,371.00","18.86","United States","NASDAQ","USD","1.00","USD","-"
"GCO","GENESCO INC","Consumer Discretionary","Equity","8,730,244.50","0.01","8,730,244.50","250,725.00","34.82","United States","NYSE","USD","1.00","USD","-"
"LAND","GLADSTONE LAND REIT CORP","Real Estate","Equity","8,706,591.07","0.01","8,706,591.07","1,057,909.00","8.23","United States","NASDAQ","USD","1.00","USD","-"
"RXT","RACKSPACE TECHNOLOGY INC","Information Technology","Equity","8,687,521.92","0.01","8,687,521.92","2,468,046.00","3.52","United States","NASDAQ","USD","1.00","USD","-"
"CHMG","CHEMUNG FINANCIAL CORP","Financials","Equity","8,645,089.76","0.01","8,645,089.76","103,336.00","83.66","United States","NASDAQ","USD","1.00","USD","-"
"NRDS","NERDWALLET CLASS A","Financials","Equity","8,631,107.60","0.01","8,631,107.60","867,448.00","9.95","United States","NASDAQ","USD","1.00","USD","-"
"RCKY","ROCKY BRANDS INC","Consumer Discretionary","Equity","8,608,199.58","0.01","8,608,199.58","186,083.00","46.26","United States","NASDAQ","USD","1.00","USD","-"
"TRC","TEJON RANCH","Real Estate","Equity","8,614,323.90","0.01","8,614,323.90","525,905.00","16.38","United States","NYSE","USD","1.00","USD","-"
"OEC","ORION SA","Materials","Equity","8,614,713.96","0.01","8,614,713.96","1,419,228.00","6.07","United States","NYSE","USD","1.00","USD","-"
"AII","AMERICAN INTEGRITY INSURANCE GROUP","Financials","Equity","8,584,686.78","0.01","8,584,686.78","339,853.00","25.26","United States","NYSE","USD","1.00","USD","-"
"ATLO","AMES NATIONAL CORP","Financials","Equity","8,489,166.00","0.01","8,489,166.00","264,460.00","32.10","United States","NASDAQ","USD","1.00","USD","-"
"IA","INNOVATIVE SOLUTIONS AND SUPPORT I","Industrials","Equity","8,459,330.67","0.01","8,459,330.67","366,681.00","23.07","United States","NASDAQ","USD","1.00","USD","-"
"CABA","CABALETTA BIO","Health Care","Equity","8,419,712.52","0.01","8,419,712.52","2,893,372.00","2.91","United States","NASDAQ","USD","1.00","USD","-"
"QUAD","QUAD GRAPHICS INC CLASS A","Industrials","Equity","8,407,598.85","0.01","8,407,598.85","836,577.00","10.05","United States","NYSE","USD","1.00","USD","-"
"RM","REGIONAL MANAGEMENT CORP","Financials","Equity","8,396,593.92","0.01","8,396,593.92","247,104.00","33.98","United States","NYSE","USD","1.00","USD","-"
"CATX","PERSPECTIVE THERAPEUTICS INC","Health Care","Equity","8,401,077.18","0.01","8,401,077.18","2,617,158.00","3.21","United States","Nyse Mkt Llc","USD","1.00","USD","-"
"DSGR","DISTRIBUTION SOLUTIONS GROUP","Industrials","Equity","8,372,388.96","0.01","8,372,388.96","241,488.00","34.67","United States","NASDAQ","USD","1.00","USD","-"
"SGHT","SIGHT SCIENCES","Health Care","Equity","8,367,935.34","0.01","8,367,935.34","1,017,997.00","8.22","United States","NASDAQ","USD","1.00","USD","-"
"PSIX","POWER SOLUTIONS INTERNATIONAL","Industrials","Equity","8,368,633.86","0.01","8,368,633.86","224,782.00","37.23","United States","NASDAQ","USD","1.00","USD","-"
"SENS","SENSEONICS HOLDINGS INC","Health Care","Equity","8,357,364.18","0.01","8,357,364.18","961,722.00","8.69","United States","NASDAQ","USD","1.00","USD","-"
"WYFI","WHITEFIBER INC","Information Technology","Equity","8,359,622.05","0.01","8,359,622.05","308,815.00","27.07","United States","NASDAQ","USD","1.00","USD","-"
"MH","MCGRAW HILL","Consumer Discretionary","Equity","8,333,758.40","0.01","8,333,758.40","635,195.00","13.12","United States","NYSE","USD","1.00","USD","-"
"ZIP","ZIPRECRUITER INC CLASS A","Communication","Equity","8,336,727.70","0.01","8,336,727.70","1,677,410.00","4.97","United States","NYSE","USD","1.00","USD","-"
"CLW","CLEARWATER PAPER CORP","Materials","Equity","8,323,478.28","0.01","8,323,478.28","402,684.00","20.67","United States","NYSE","USD","1.00","USD","-"
"ZURA","ZURA BIO LTD CLASS A","Health Care","Equity","8,318,355.12","0.01","8,318,355.12","1,441,656.00","5.77","United States","NASDAQ","USD","1.00","USD","-"
"NXH","NEIGHBORHOOD INTELLIGENCE","Consumer Discretionary","Equity","8,298,944.34","0.01","8,298,944.34","1,948,109.00","4.26","United States","NASDAQ","USD","1.00","USD","-"
"SERV","SERVE ROBOTICS INC","Consumer Discretionary","Equity","8,284,972.15","0.01","8,284,972.15","1,820,873.00","4.55","United States","NASDAQ","USD","1.00","USD","-"
"XFOR","X4 PHARMACEUTICALS INC","Health Care","Equity","8,284,997.93","0.01","8,284,997.93","1,967,933.00","4.21","United States","NASDAQ","USD","1.00","USD","-"
"PACB","PACIFIC BIOSCIENCES OF CALIFORNIA","Health Care","Equity","8,285,325.06","0.01","8,285,325.06","7,267,829.00","1.14","United States","NASDAQ","USD","1.00","USD","-"
"CLFD","CLEARFIELD INC","Information Technology","Equity","8,287,078.50","0.01","8,287,078.50","294,390.00","28.15","United States","NASDAQ","USD","1.00","USD","-"
"OPRT","OPORTUN FINANCIAL CORP","Financials","Equity","8,288,273.56","0.01","8,288,273.56","1,117,018.00","7.42","United States","NASDAQ","USD","1.00","USD","-"
"CVEO","CIVEO CORP","Industrials","Equity","8,255,777.32","0.01","8,255,777.32","245,854.00","33.58","United States","NYSE","USD","1.00","USD","-"
"BOBS","BOBS DISCOUNT FURNITURE INC","Consumer Discretionary","Equity","8,232,357.06","0.01","8,232,357.06","447,654.00","18.39","United States","NYSE","USD","1.00","USD","-"
"EMBC","EMBECTA","Health Care","Equity","8,235,933.90","0.01","8,235,933.90","1,614,889.00","5.10","United States","NASDAQ","USD","1.00","USD","-"
"ALTO","ALTO INGREDIENTS INC","Materials","Equity","8,169,076.56","0.01","8,169,076.56","1,926,669.00","4.24","United States","NASDAQ","USD","1.00","USD","-"
"CMPX","COMPASS THERAPEUTICS","Health Care","Equity","8,171,844.98","0.01","8,171,844.98","3,419,182.00","2.39","United States","NASDAQ","USD","1.00","USD","-"
"SLP","SIMULATIONS PLUS","Health Care","Equity","8,164,783.80","0.01","8,164,783.80","444,705.00","18.36","United States","NASDAQ","USD","1.00","USD","-"
"STRZ","STARZ ENTERTAINMENT","Communication","Equity","8,165,163.54","0.01","8,165,163.54","319,701.00","25.54","United States","NASDAQ","USD","1.00","USD","-"
"PTLO","PORTILLO S INC CLASS A","Consumer Discretionary","Equity","8,146,095.87","0.01","8,146,095.87","1,722,219.00","4.73","United States","NASDAQ","USD","1.00","USD","-"
"MTRX","MATRIX SERVICE","Industrials","Equity","8,130,523.35","0.01","8,130,523.35","697,899.00","11.65","United States","NASDAQ","USD","1.00","USD","-"
"NEXN","NEXXEN INTERNATIONAL LTD","Communication","Equity","8,109,752.32","0.01","8,109,752.32","791,968.00","10.24","Israel","NASDAQ","USD","1.00","USD","-"
"DUOT","DUOS TECHNOLOGIES GROUP INC","Information Technology","Equity","8,090,654.48","0.01","8,090,654.48","698,072.00","11.59","United States","NASDAQ","USD","1.00","USD","-"
"OSS","ONE STOP SYSTEMS INC","Information Technology","Equity","8,076,044.16","0.01","8,076,044.16","636,912.00","12.68","United States","NASDAQ","USD","1.00","USD","-"
"DNA","GINKGO BIOWORKS HOLDINGS CLASS A","Health Care","Equity","8,080,039.16","0.01","8,080,039.16","1,237,372.00","6.53","United States","NYSE","USD","1.00","USD","-"
"VGZ","VISTA GOLD CORP","Materials","Equity","8,080,290.36","0.01","8,080,290.36","3,543,987.00","2.28","United States","Nyse Mkt Llc","USD","1.00","USD","-"
"CBK","COMMERCIAL BANCGROUP INC","Financials","Equity","7,986,096.04","0.01","7,986,096.04","228,566.00","34.94","United States","NASDAQ","USD","1.00","USD","-"
"FCCO","FIRST COMMUNITY CORP","Financials","Equity","7,977,827.65","0.01","7,977,827.65","231,577.00","34.45","United States","NASDAQ","USD","1.00","USD","-"
"XPER","XPERI INC","Information Technology","Equity","7,966,193.97","0.01","7,966,193.97","1,231,251.00","6.47","United States","NYSE","USD","1.00","USD","-"
"FSBW","FS BANCORP INC","Financials","Equity","7,937,665.80","0.01","7,937,665.80","183,721.00","43.20","United States","NASDAQ","USD","1.00","USD","-"
"FRD","FRIEDMAN INDUSTRIES INC","Materials","Equity","7,932,651.48","0.01","7,932,651.48","172,374.00","46.02","United States","NASDAQ","USD","1.00","USD","-"
"ACIC","AMERICAN COASTAL INSURANCE CORP","Financials","Equity","7,927,697.67","0.01","7,927,697.67","833,617.00","9.51","United States","NASDAQ","USD","1.00","USD","-"
"SPCE","VIRGIN GALACTIC HOLDINGS INC SHS C","Industrials","Equity","7,916,776.12","0.01","7,916,776.12","2,481,748.00","3.19","United States","NYSE","USD","1.00","USD","-"
"TBI","TRUEBLUE INC","Industrials","Equity","7,904,266.21","0.01","7,904,266.21","752,071.00","10.51","United States","NYSE","USD","1.00","USD","-"
"MG","MISTRAS GROUP INC","Industrials","Equity","7,909,592.60","0.01","7,909,592.60","434,593.00","18.20","United States","NYSE","USD","1.00","USD","-"
"PESI","PERMA FIX ENVIRONMENTAL SERVICES I","Industrials","Equity","7,888,989.06","0.01","7,888,989.06","454,959.00","17.34","United States","NASDAQ","USD","1.00","USD","-"
"ATNI","ATN INTERNATIONAL INC","Communication","Equity","7,889,939.04","0.01","7,889,939.04","251,112.00","31.42","United States","NASDAQ","USD","1.00","USD","-"
"GNE","GENIE ENERGY LTD CLASS B","Utilities","Equity","7,892,416.54","0.01","7,892,416.54","533,993.00","14.78","United States","NYSE","USD","1.00","USD","-"
"WEST","WESTROCK COFFEE","Consumer Staples","Equity","7,872,182.88","0.01","7,872,182.88","955,362.00","8.24","United States","NASDAQ","USD","1.00","USD","-"
"ABAT","AMERICAN BATTERY TECHNOLOGY COMPAN","Materials","Equity","7,858,331.85","0.01","7,858,331.85","3,343,971.00","2.35","United States","NASDAQ","USD","1.00","USD","-"
"SHAZ","SHARONAI HOLDINGS INC CLASS A","Information Technology","Equity","7,851,580.90","0.01","7,851,580.90","114,155.00","68.78","United States","NASDAQ","USD","1.00","USD","-"
"VMD","VIEMED HEALTHCARE INC","Health Care","Equity","7,844,604.48","0.01","7,844,604.48","860,154.00","9.12","United States","NASDAQ","USD","1.00","USD","-"
"RCKT","ROCKET PHARMACEUTICALS","Health Care","Equity","7,832,557.18","0.01","7,832,557.18","2,345,077.00","3.34","United States","NASDAQ","USD","1.00","USD","-"
"MNRO","MONRO","Consumer Discretionary","Equity","7,826,545.80","0.01","7,826,545.80","660,468.00","11.85","United States","NASDAQ","USD","1.00","USD","-"
"ASMB","ASSEMBLY BIOSCIENCES INC","Health Care","Equity","7,782,592.86","0.01","7,782,592.86","242,222.00","32.13","United States","NASDAQ","USD","1.00","USD","-"
"VOXR","VOX ROYALTY CORP","Materials","Equity","7,772,805.12","0.01","7,772,805.12","1,518,126.00","5.12","Canada","NASDAQ","USD","1.00","USD","-"
"JOUT","JOHNSON OUTDOORS INC CLASS A","Consumer Discretionary","Equity","7,774,093.80","0.01","7,774,093.80","162,468.00","47.85","United States","NASDAQ","USD","1.00","USD","-"
"JACK","JACK IN THE BOX INC","Consumer Discretionary","Equity","7,744,534.49","0.01","7,744,534.49","462,913.00","16.73","United States","NASDAQ","USD","1.00","USD","-"
"RR","RICHTECH ROBOTICS CLASS B","Industrials","Equity","7,711,761.54","0.01","7,711,761.54","4,789,914.00","1.61","United States","NASDAQ","USD","1.00","USD","-"
"PINE","ALPINE INCOME PROPERTY TRUST INC","Real Estate","Equity","7,701,134.00","0.01","7,701,134.00","392,915.00","19.60","United States","NYSE","USD","1.00","USD","-"
"AVBC","AVIDIA BANCORP INC","Financials","Equity","7,694,004.50","0.01","7,694,004.50","348,145.00","22.10","United States","NYSE","USD","1.00","USD","-"
"TDUP","THREDUP CLASS A","Consumer Discretionary","Equity","7,677,113.89","0.01","7,677,113.89","2,732,069.00","2.81","United States","NASDAQ","USD","1.00","USD","-"
"AVXL","ANAVEX LIFE SCIENCES CORP","Health Care","Equity","7,649,241.60","0.01","7,649,241.60","2,390,388.00","3.20","United States","NASDAQ","USD","1.00","USD","-"
"JMSB","JOHN MARSHALL BANCORP INC","Financials","Equity","7,637,506.24","0.01","7,637,506.24","332,644.00","22.96","United States","NASDAQ","USD","1.00","USD","-"
"BOC","BOSTON OMAHA CORP CLASS A","Communication","Equity","7,623,455.00","0.01","7,623,455.00","548,450.00","13.90","United States","NYSE","USD","1.00","USD","-"
"FUBO","FUBOTV CLASS A","Communication","Equity","7,581,790.62","0.01","7,581,790.62","758,938.00","9.99","United States","NYSE","USD","1.00","USD","-"
"PRME","PRIME MEDICINE","Health Care","Equity","7,565,494.50","0.01","7,565,494.50","2,480,490.00","3.05","United States","NASDAQ","USD","1.00","USD","-"
"NKSH","NATIONAL BANKSHARES INC","Financials","Equity","7,556,522.40","0.01","7,556,522.40","174,960.00","43.19","United States","NASDAQ","USD","1.00","USD","-"
"MASS","908 DEVICES","Information Technology","Equity","7,546,019.04","0.01","7,546,019.04","748,613.00","10.08","United States","NASDAQ","USD","1.00","USD","-"
"VNDA","VANDA PHARMACEUTICALS INC","Health Care","Equity","7,549,610.24","0.01","7,549,610.24","1,387,796.00","5.44","United States","NASDAQ","USD","1.00","USD","-"
"CRDA","CRAWFORD CLASS A","Financials","Equity","7,533,160.91","0.01","7,533,160.91","584,419.00","12.89","United States","NYSE","USD","1.00","USD","-"
"PALI","PALISADE BIO INC","Health Care","Equity","7,520,682.36","0.01","7,520,682.36","3,686,609.00","2.04","United States","NASDAQ","USD","1.00","USD","-"
"EDIT","EDITAS MEDICINE","Health Care","Equity","7,506,498.24","0.01","7,506,498.24","2,606,423.00","2.88","United States","NASDAQ","USD","1.00","USD","-"
"FUNC","FIRST UNITED CORP","Financials","Equity","7,467,584.25","0.01","7,467,584.25","165,395.00","45.15","United States","NASDAQ","USD","1.00","USD","-"
"FRAF","FRANKLIN FINANCIAL SERVICES CORP","Financials","Equity","7,455,661.04","0.01","7,455,661.04","117,932.00","63.22","United States","NASDAQ","USD","1.00","USD","-"
"SHOE","SHOE STATION GROUP INC","Consumer Discretionary","Equity","7,444,460.94","0.01","7,444,460.94","487,522.00","15.27","United States","NASDAQ","USD","1.00","USD","-"
"RLGT","RADIANT LOGISTIC INC","Industrials","Equity","7,421,645.98","0.01","7,421,645.98","857,003.00","8.66","United States","Nyse Mkt Llc","USD","1.00","USD","-"
"GRNT","GRANITE RIDGE RESOURCES","Energy","Equity","7,300,728.54","0.01","7,300,728.54","1,398,607.00","5.22","United States","NYSE","USD","1.00","USD","-"
"ELDN","ELEDON PHARMACEUTICALS INC","Health Care","Equity","7,293,985.06","0.01","7,293,985.06","2,014,913.00","3.62","United States","NASDAQ","USD","1.00","USD","-"
"MYFW","FIRST WESTERN FINANCIAL INC","Financials","Equity","7,234,904.32","0.01","7,234,904.32","224,896.00","32.17","United States","NASDAQ","USD","1.00","USD","-"
"SMC","SUMMIT MIDSTREAM CORP","Energy","Equity","7,230,436.70","0.01","7,230,436.70","208,430.00","34.69","United States","NYSE","USD","1.00","USD","-"
"ABEO","ABEONA THERAPEUTICS INC","Health Care","Equity","7,219,883.44","0.01","7,219,883.44","1,172,059.00","6.16","United States","NASDAQ","USD","1.00","USD","-"
"FOSL","FOSSIL GROUP INC","Consumer Discretionary","Equity","7,222,165.50","0.01","7,222,165.50","1,313,121.00","5.50","United States","NASDAQ","USD","1.00","USD","-"
"PANL","PANGAEA LOGISTICS SOLUTIONS","Industrials","Equity","7,162,619.68","0.01","7,162,619.68","923,018.00","7.76","United States","NASDAQ","USD","1.00","USD","-"
"EGHT","8X8 INC","Information Technology","Equity","7,154,411.85","0.01","7,154,411.85","3,489,957.00","2.05","United States","NASDAQ","USD","1.00","USD","-"
"BH","BIGLARI HOLDINGS INCINARY CLASS B","Consumer Discretionary","Equity","7,144,712.00","0.01","7,144,712.00","18,640.00","383.30","United States","NYSE","USD","1.00","USD","-"
"IKT","INHIBIKASE THERAPEUTICS","Health Care","Equity","7,140,249.60","0.01","7,140,249.60","2,975,104.00","2.40","United States","NASDAQ","USD","1.00","USD","-"
"FXNC","FIRST NATIONAL CORP","Financials","Equity","7,095,487.50","0.01","7,095,487.50","221,250.00","32.07","United States","NASDAQ","USD","1.00","USD","-"
"LILA","LIBERTY LATIN AMERICA CLASS A","Communication","Equity","7,085,499.50","0.01","7,085,499.50","845,525.00","8.38","United States","NASDAQ","USD","1.00","USD","-"
"BMBL","BUMBLE CLASS A","Communication","Equity","7,086,870.24","0.01","7,086,870.24","2,605,467.00","2.72","United States","NASDAQ","USD","1.00","USD","-"
"BLND","BLEND LABS CLASS A","Information Technology","Equity","7,090,805.95","0.01","7,090,805.95","4,890,211.00","1.45","United States","NYSE","USD","1.00","USD","-"
"RMNI","RIMINI STREET INC","Information Technology","Equity","7,056,965.76","0.01","7,056,965.76","1,408,576.00","5.01","United States","NASDAQ","USD","1.00","USD","-"
"FBYD","FALCON S BEYOND GLOBAL INC CLASS A","Industrials","Equity","7,048,329.21","0.01","7,048,329.21","669,357.00","10.53","United States","NASDAQ","USD","1.00","USD","-"
"FDBC","FIDELITY D AND D BANCORP INC","Financials","Equity","7,021,331.75","0.01","7,021,331.75","127,175.00","55.21","United States","NASDAQ","USD","1.00","USD","-"
"LTBR","LIGHTBRIDGE CORP","Energy","Equity","7,003,375.68","0.01","7,003,375.68","877,616.00","7.98","United States","NASDAQ","USD","1.00","USD","-"
"USCB","USCB FINANCIAL HOLDINGS INC CLASS","Financials","Equity","7,003,465.77","0.01","7,003,465.77","308,931.00","22.67","United States","NASDAQ","USD","1.00","USD","-"
"LCNB","LCNB CORP","Financials","Equity","6,990,795.80","0.01","6,990,795.80","346,079.00","20.20","United States","NASDAQ","USD","1.00","USD","-"
"ELMD","ELECTROMED INC","Health Care","Equity","6,991,488.90","0.01","6,991,488.90","168,795.00","41.42","United States","Nyse Mkt Llc","USD","1.00","USD","-"
"BGS","B AND G FOODS INC","Consumer Staples","Equity","6,978,466.80","0.01","6,978,466.80","2,022,744.00","3.45","United States","NYSE","USD","1.00","USD","-"
"FWDI","FORWARD INDUSTRIES INC","Information Technology","Equity","6,979,101.38","0.01","6,979,101.38","1,537,247.00","4.54","United States","NASDAQ","USD","1.00","USD","-"
"FLXS","FLEXSTEEL INDUSTRIES INC","Consumer Discretionary","Equity","6,961,992.48","0.01","6,961,992.48","90,228.00","77.16","United States","NASDAQ","USD","1.00","USD","-"
"ARDT","ARDENT HEALTH INC","Health Care","Equity","6,963,623.23","0.01","6,963,623.23","637,111.00","10.93","United States","NYSE","USD","1.00","USD","-"
"PLAY","DAVE AND BUSTERS ENTERTAINMENT","Consumer Discretionary","Equity","6,965,875.14","0.01","6,965,875.14","701,498.00","9.93","United States","NASDAQ","USD","1.00","USD","-"
"ABX","ABACUS GLOBAL MANAGEMENT INC CLASS","Financials","Equity","6,943,295.21","0.01","6,943,295.21","770,621.00","9.01","United States","NYSE","USD","1.00","USD","-"
"ONIT","ONITY GROUP INC","Financials","Equity","6,929,166.42","0.01","6,929,166.42","186,318.00","37.19","United States","NYSE","USD","1.00","USD","-"
"LRMR","LARIMAR THERAPEUTICS","Health Care","Equity","6,922,454.28","0.01","6,922,454.28","1,705,038.00","4.06","United States","NASDAQ","USD","1.00","USD","-"
"MYGN","MYRIAD GENETICS","Health Care","Equity","6,854,791.23","0.01","6,854,791.23","2,388,429.00","2.87","United States","NASDAQ","USD","1.00","USD","-"
"HTZ","HERTZ GLOBAL HLDGS INC","Industrials","Equity","6,860,160.32","0.01","6,860,160.32","3,298,154.00","2.08","United States","NASDAQ","USD","1.00","USD","-"
"HLLY","HOLLEY","Consumer Discretionary","Equity","6,850,477.47","0.01","6,850,477.47","2,216,983.00","3.09","United States","NYSE","USD","1.00","USD","-"
"RJET","REPUBLIC AIRWAYS HOLDINGS INC","Industrials","Equity","6,799,272.80","0.01","6,799,272.80","341,672.00","19.90","United States","NASDAQ","USD","1.00","USD","-"
"BNTC","BENITEC BIOPHARMA INC","Health Care","Equity","6,792,821.84","0.01","6,792,821.84","527,393.00","12.88","United States","NASDAQ","USD","1.00","USD","-"
"IMRX","IMMUNEERING CLASS A","Health Care","Equity","6,786,641.99","0.01","6,786,641.99","1,349,233.00","5.03","United States","NASDAQ","USD","1.00","USD","-"
"FNKO","FUNKO CLASS A","Consumer Discretionary","Equity","6,755,741.24","0.01","6,755,741.24","1,091,396.00","6.19","United States","NASDAQ","USD","1.00","USD","-"
"TWIN","TWIN DISC INC","Industrials","Equity","6,742,862.25","0.01","6,742,862.25","270,255.00","24.95","United States","NASDAQ","USD","1.00","USD","-"
"ISBA","ISABELLA BANK CORP","Financials","Equity","6,747,064.82","0.01","6,747,064.82","165,086.00","40.87","United States","NASDAQ","USD","1.00","USD","-"
"OVLY","OAK VALLEY BANCORP","Financials","Equity","6,734,896.79","0.01","6,734,896.79","195,271.00","34.49","United States","NASDAQ","USD","1.00","USD","-"
"BRBS","BLUE RIDGE BANKSHARES INC","Financials","Equity","6,724,590.84","0.01","6,724,590.84","1,698,129.00","3.96","United States","Nyse Mkt Llc","USD","1.00","USD","-"
"AGEN","AGENUS INC","Health Care","Equity","6,727,143.87","0.01","6,727,143.87","893,379.00","7.53","United States","NASDAQ","USD","1.00","USD","-"
"AVBH","AVIDBANK HOLDINGS INC","Financials","Equity","6,702,192.00","0.01","6,702,192.00","204,960.00","32.70","United States","NASDAQ","USD","1.00","USD","-"
"DNUT","KRISPY KREME","Consumer Discretionary","Equity","6,704,178.84","0.01","6,704,178.84","2,069,191.00","3.24","United States","NASDAQ","USD","1.00","USD","-"
"NRC","NRC HEALTH","Health Care","Equity","6,692,822.81","0.01","6,692,822.81","304,081.00","22.01","United States","NASDAQ","USD","1.00","USD","-"
"MGPI","MGP INGREDIENTS INC","Consumer Staples","Equity","6,684,510.00","0.01","6,684,510.00","381,972.00","17.50","United States","NASDAQ","USD","1.00","USD","-"
"REI","RING ENERGY INC","Energy","Equity","6,645,555.36","0.01","6,645,555.36","4,614,969.00","1.44","United States","Nyse Mkt Llc","USD","1.00","USD","-"
"EVEX","EVE HOLDING","Industrials","Equity","6,638,085.70","0.01","6,638,085.70","2,504,938.00","2.65","United States","NYSE","USD","1.00","USD","-"
"ANIK","ANIKA THERAPEUTICS INC","Health Care","Equity","6,638,447.91","0.01","6,638,447.91","307,763.00","21.57","United States","NASDAQ","USD","1.00","USD","-"
"CFFI","C AND F FINANCIAL CORP","Financials","Equity","6,620,830.06","0.01","6,620,830.06","75,563.00","87.62","United States","NASDAQ","USD","1.00","USD","-"
"CLNE","CLEAN ENERGY FUELS","Energy","Equity","6,616,633.37","0.01","6,616,633.37","4,122,513.00","1.61","United States","NASDAQ","USD","1.00","USD","-"
"KINS","KINGSTONE COMPANIES INC","Financials","Equity","6,583,100.48","0.01","6,583,100.48","332,816.00","19.78","United States","NASDAQ","USD","1.00","USD","-"
"RPAY","REPAY HOLDINGS CORP CLASS A","Financials","Equity","6,572,591.99","0.01","6,572,591.99","1,790,897.00","3.67","United States","NASDAQ","USD","1.00","USD","-"
"SGP","SPYGLASS PHARMA SHS","Health Care","Equity","6,559,328.96","0.01","6,559,328.96","253,844.00","25.84","United States","NASDAQ","USD","1.00","USD","-"
"WOOF","PETCO HEALTH AND WELLNESS COMPANY","Consumer Discretionary","Equity","6,537,493.32","0.01","6,537,493.32","2,368,657.00","2.76","United States","NASDAQ","USD","1.00","USD","-"
"TLS","TELOS CORPORATION CORP","Information Technology","Equity","6,527,338.40","0.01","6,527,338.40","1,483,486.00","4.40","United States","NASDAQ","USD","1.00","USD","-"
"RMAX","RE MAX HOLDINGS INC CLASS A","Real Estate","Equity","6,521,707.85","0.01","6,521,707.85","479,185.00","13.61","United States","NYSE","USD","1.00","USD","-"
"BSVN","BANK7 CORP","Financials","Equity","6,513,216.12","0.01","6,513,216.12","125,206.00","52.02","United States","NASDAQ","USD","1.00","USD","-"
"FNRN","FIRST NORTHERN COMMUNITY BANCORP","Financials","Equity","6,503,134.95","0.01","6,503,134.95","370,549.00","17.55","United States","NASDAQ","USD","1.00","USD","-"
"NATH","NATHANS FAMOUS INC","Consumer Discretionary","Equity","6,500,617.50","0.01","6,500,617.50","66,673.00","97.50","United States","NASDAQ","USD","1.00","USD","-"
"PACK","RANPAK HOLDINGS CORP CLASS A","Materials","Equity","6,490,125.60","0.01","6,490,125.60","1,252,920.00","5.18","United States","NYSE","USD","1.00","USD","-"
"OSUR","ORASURE TECHNOLOGIES INC","Health Care","Equity","6,490,631.25","0.01","6,490,631.25","1,730,835.00","3.75","United States","NASDAQ","USD","1.00","USD","-"
"RXST","RXSIGHT","Health Care","Equity","6,476,245.23","0.01","6,476,245.23","1,016,679.00","6.37","United States","NASDAQ","USD","1.00","USD","-"
"GCBC","GREENE COUNTY BANCORP INC","Financials","Equity","6,465,001.20","0.01","6,465,001.20","188,484.00","34.30","United States","NASDAQ","USD","1.00","USD","-"
"WEYS","WEYCO GROUP INC","Consumer Discretionary","Equity","6,448,764.92","0.01","6,448,764.92","142,012.00","45.41","United States","NASDAQ","USD","1.00","USD","-"
"INNV","INNOVAGE HOLDING CORP","Health Care","Equity","6,395,542.50","0.01","6,395,542.50","576,175.00","11.10","United States","NASDAQ","USD","1.00","USD","-"
"EBS","EMERGENT BIOSOLUTIONS","Health Care","Equity","6,369,474.40","0.01","6,369,474.40","1,366,840.00","4.66","United States","NYSE","USD","1.00","USD","-"
"AVNW","AVIAT NETWORKS INC","Information Technology","Equity","6,353,210.60","0.01","6,353,210.60","296,879.00","21.40","United States","NASDAQ","USD","1.00","USD","-"
"VELO","VELO3D INC","Industrials","Equity","6,340,919.97","0.01","6,340,919.97","433,419.00","14.63","United States","NASDAQ","USD","1.00","USD","-"
"FRPH","FRP HOLDINGS INC","Real Estate","Equity","6,325,101.74","0.01","6,325,101.74","287,374.00","22.01","United States","NASDAQ","USD","1.00","USD","-"
"NABL","N ABLE INC","Information Technology","Equity","6,309,468.44","0.01","6,309,468.44","1,850,284.00","3.41","United States","NYSE","USD","1.00","USD","-"
"MGNX","MACROGENICS INC","Health Care","Equity","6,311,148.12","0.01","6,311,148.12","1,543,068.00","4.09","United States","NASDAQ","USD","1.00","USD","-"
"RC","READY CAPITAL CORP","Financials","Equity","6,311,188.39","0.01","6,311,188.39","3,734,431.00","1.69","United States","NYSE","USD","1.00","USD","-"
"ACRE","ARES COMMERCIAL REAL ESTATE REIT C","Financials","Equity","6,301,022.56","0.01","6,301,022.56","1,360,912.00","4.63","United States","NYSE","USD","1.00","USD","-"
"FBLA","FB BANCORP INC","Financials","Equity","6,302,724.75","0.01","6,302,724.75","400,173.00","15.75","United States","NASDAQ","USD","1.00","USD","-"
"BPRN","PRINCETON BANCORP INC","Financials","Equity","6,293,763.84","0.01","6,293,763.84","145,824.00","43.16","United States","NASDAQ","USD","1.00","USD","-"
"SMRT","SMARTRENT INC CLASS A","Information Technology","Equity","6,283,557.55","0.01","6,283,557.55","4,520,545.00","1.39","United States","NYSE","USD","1.00","USD","-"
"HBB","HAMILTON BEACH BRANDS HOLDING COMP","Consumer Discretionary","Equity","6,278,667.25","0.01","6,278,667.25","185,485.00","33.85","United States","NYSE","USD","1.00","USD","-"
"TSSI","TSS INC","Information Technology","Equity","6,272,275.84","0.01","6,272,275.84","664,436.00","9.44","United States","NASDAQ","USD","1.00","USD","-"
"ZUMZ","ZUMIEZ","Consumer Discretionary","Equity","6,255,678.75","0.01","6,255,678.75","346,575.00","18.05","United States","NASDAQ","USD","1.00","USD","-"
"UPB","UPSTREAM BIO","Health Care","Equity","6,237,212.70","0.01","6,237,212.70","910,542.00","6.85","United States","NASDAQ","USD","1.00","USD","-"
"JAKK","JAKKS PACIFIC INC","Consumer Discretionary","Equity","6,207,809.85","0.01","6,207,809.85","245,465.00","25.29","United States","NASDAQ","USD","1.00","USD","-"
"HCKT","HACKETT GROUP","Information Technology","Equity","6,209,108.31","0.01","6,209,108.31","590,781.00","10.51","United States","NASDAQ","USD","1.00","USD","-"
"NUS","NU SKIN ENTERPRISES CLASS A","Consumer Staples","Equity","6,197,852.40","0.01","6,197,852.40","1,318,692.00","4.70","United States","NYSE","USD","1.00","USD","-"
"LODE","COMSTOCK INC","Energy","Equity","6,185,456.20","0.01","6,185,456.20","1,803,340.00","3.43","United States","Nyse Mkt Llc","USD","1.00","USD","-"
"EIKN","EIKON THERAPEUTICS INC","Health Care","Equity","6,175,047.55","0.01","6,175,047.55","530,047.00","11.65","United States","NASDAQ","USD","1.00","USD","-"
"LMRI","LUMEXA IMAGING HOLDINGS","Health Care","Equity","6,136,110.31","0.01","6,136,110.31","511,769.00","11.99","United States","NASDAQ","USD","1.00","USD","-"
"DMAC","DIAMEDICA THERAPEUTICS INC","Health Care","Equity","6,098,861.92","0.01","6,098,861.92","922,672.00","6.61","United States","NASDAQ","USD","1.00","USD","-"
"LOVE","LOVESAC COMPANY","Consumer Discretionary","Equity","6,087,776.52","0.01","6,087,776.52","356,636.00","17.07","United States","NASDAQ","USD","1.00","USD","-"
"MBI","MBIA INC","Financials","Equity","6,072,306.24","0.01","6,072,306.24","1,221,792.00","4.97","United States","NYSE","USD","1.00","USD","-"
"BKTI","BK TECHNOLOGIES CORP","Information Technology","Equity","6,067,193.23","0.01","6,067,193.23","76,907.00","78.89","United States","Nyse Mkt Llc","USD","1.00","USD","-"
"WNEB","WESTERN NEW ENGLAND BANCORP INC","Financials","Equity","6,067,197.48","0.01","6,067,197.48","434,613.00","13.96","United States","NASDAQ","USD","1.00","USD","-"
"POWW","OUTDOOR HOLDING","Consumer Discretionary","Equity","6,054,673.34","0.01","6,054,673.34","2,679,059.00","2.26","United States","NASDAQ","USD","1.00","USD","-"
"ASIC","ATEGRITY SPECIALTY INSURANCE COMPA","Financials","Equity","6,003,163.53","0.01","6,003,163.53","244,329.00","24.57","United States","NYSE","USD","1.00","USD","-"
"CNDT","CONDUENT","Industrials","Equity","5,994,744.47","0.01","5,994,744.47","4,192,129.00","1.43","United States","NASDAQ","USD","1.00","USD","-"
"AREC","AMERICAN RESOURCES CORP CLASS A","Energy","Equity","5,993,645.80","0.01","5,993,645.80","2,236,435.00","2.68","United States","NASDAQ","USD","1.00","USD","-"
"FHTX","FOGHORN THERAPEUTICS","Health Care","Equity","5,982,862.50","0.01","5,982,862.50","886,350.00","6.75","United States","NASDAQ","USD","1.00","USD","-"
"PDYN","PALLADYNE AI CORP","Industrials","Equity","5,974,867.36","0.01","5,974,867.36","951,412.00","6.28","United States","NASDAQ","USD","1.00","USD","-"
"TLSI","TRISALUS LF SC CM A","Health Care","Equity","5,962,847.40","0.01","5,962,847.40","1,104,231.00","5.40","United States","NASDAQ","USD","1.00","USD","-"
"RELL","RICHARDSON ELECTRONICS LTD","Information Technology","Equity","5,939,085.19","0.01","5,939,085.19","312,419.00","19.01","United States","NASDAQ","USD","1.00","USD","-"
"SEVN","SEVEN HILLS REALTY TRUST","Financials","Equity","5,939,520.09","0.01","5,939,520.09","778,443.00","7.63","United States","NASDAQ","USD","1.00","USD","-"
"FULC","FULCRUM THERAPEUTICS","Health Care","Equity","5,940,484.83","0.01","5,940,484.83","1,535,009.00","3.87","United States","NASDAQ","USD","1.00","USD","-"
"CD","CHAINCE DIGITAL HOLDINGS INC","Financials","Equity","5,896,870.65","0.01","5,896,870.65","1,615,581.00","3.65","United States","NASDAQ","USD","1.00","USD","-"
"COSO","COASTALSOUTH BANCSHARES INC","Financials","Equity","5,888,846.20","0.01","5,888,846.20","211,829.00","27.80","United States","NYSE","USD","1.00","USD","-"
"MRBK","MERIDIAN CORP","Financials","Equity","5,853,287.44","0.01","5,853,287.44","292,372.00","20.02","United States","NASDAQ","USD","1.00","USD","-"
"IPSC","CENTURY THERAPEUTICS","Health Care","Equity","5,853,926.12","0.01","5,853,926.12","2,986,697.00","1.96","United States","NASDAQ","USD","1.00","USD","-"
"PEBK","PEOPLES BANCORP OF NORTH CAROLINA","Financials","Equity","5,830,734.00","0.01","5,830,734.00","128,856.00","45.25","United States","NASDAQ","USD","1.00","USD","-"
"VABK","VIRGINIA NATIONAL BANKSHARES CORP","Financials","Equity","5,828,260.76","0.01","5,828,260.76","123,716.00","47.11","United States","NASDAQ","USD","1.00","USD","-"
"INBK","FIRST INTERNET BANCORP","Financials","Equity","5,829,168.28","0.01","5,829,168.28","198,406.00","29.38","United States","NASDAQ","USD","1.00","USD","-"
"IMMR","IMMERSION CORP","Information Technology","Equity","5,803,152.63","0.01","5,803,152.63","770,671.00","7.53","United States","NASDAQ","USD","1.00","USD","-"
"ARCT","ARCTURUS THERAPEUTICS HOLDINGS INC","Health Care","Equity","5,782,040.28","0.01","5,782,040.28","704,268.00","8.21","United States","NASDAQ","USD","1.00","USD","-"
"DSP","VIANT TECHNOLOGY INC CLASS A","Information Technology","Equity","5,779,600.44","0.01","5,779,600.44","447,684.00","12.91","United States","NASDAQ","USD","1.00","USD","-"
"PMTS","CPI CARD GROUP INC","Information Technology","Equity","5,762,552.70","0.01","5,762,552.70","207,510.00","27.77","United States","NASDAQ","USD","1.00","USD","-"
"III","INFORMATION SERVICES GROUP INC","Information Technology","Equity","5,762,958.01","0.01","5,762,958.01","1,168,957.00","4.93","United States","NASDAQ","USD","1.00","USD","-"
"VEL","VELOCITY FINANCIAL INC","Financials","Equity","5,740,265.19","0.01","5,740,265.19","318,373.00","18.03","United States","NYSE","USD","1.00","USD","-"
"AKBA","AKEBIA THERAPEUTICS INC","Health Care","Equity","5,720,029.51","0.01","5,720,029.51","6,715,226.00","0.85","United States","NASDAQ","USD","1.00","USD","-"
"INR","INFINITY NATURAL RESOURCES INC CLA","Energy","Equity","5,711,013.00","0.01","5,711,013.00","405,900.00","14.07","United States","NYSE","USD","1.00","USD","-"
"BKKT","BAKKT INC CLASS A","Financials","Equity","5,713,667.19","0.01","5,713,667.19","824,483.00","6.93","United States","NYSE","USD","1.00","USD","-"
"LTRX","LANTRONIX INC","Information Technology","Equity","5,694,364.88","0.01","5,694,364.88","906,746.00","6.28","United States","NASDAQ","USD","1.00","USD","-"
"RICK","RCI HOSPITALITY HOLDINGS INC","Consumer Discretionary","Equity","5,688,659.34","0.01","5,688,659.34","183,861.00","30.94","United States","NASDAQ","USD","1.00","USD","-"
"NATR","NATURES SUNSHINE PRODUCTS INC","Consumer Staples","Equity","5,673,153.90","0.01","5,673,153.90","387,246.00","14.65","United States","NASDAQ","USD","1.00","USD","-"
"MFIN","MEDALLION FINANCIAL CORP","Financials","Equity","5,642,838.52","0.01","5,642,838.52","498,044.00","11.33","United States","NASDAQ","USD","1.00","USD","-"
"CZWI","CITIZENS COMMUNITY BANCORP INC","Financials","Equity","5,619,195.44","0.01","5,619,195.44","265,432.00","21.17","United States","NASDAQ","USD","1.00","USD","-"
"REFI","CHICAGO ATLANTIC REAL ESTATE FINAN","Financials","Equity","5,620,861.47","0.01","5,620,861.47","542,031.00","10.37","United States","NASDAQ","USD","1.00","USD","-"
"PRTH","PRIORITY TECHNOLOGY HOLDINGS INC","Financials","Equity","5,607,531.60","0.01","5,607,531.60","999,560.00","5.61","United States","NASDAQ","USD","1.00","USD","-"
"GSIT","GSI TECHNOLOGY INC","Information Technology","Equity","5,600,442.72","0.01","5,600,442.72","886,146.00","6.32","United States","NASDAQ","USD","1.00","USD","-"
"VUZI","VUZIX CORP","Information Technology","Equity","5,576,989.88","0.01","5,576,989.88","1,810,711.00","3.08","United States","NASDAQ","USD","1.00","USD","-"
"ALEC","ALECTOR","Health Care","Equity","5,567,390.01","0.01","5,567,390.01","2,519,181.00","2.21","United States","NASDAQ","USD","1.00","USD","-"
"HMH","HMH HOLDING INC CLASS A","Energy","Equity","5,550,888.00","0.01","5,550,888.00","264,328.00","21.00","United States","NASDAQ","USD","1.00","USD","-"
"SI","SHOULDER INNOVATIONS","Health Care","Equity","5,528,115.12","0.01","5,528,115.12","261,624.00","21.13","United States","NYSE","USD","1.00","USD","-"
"TRDA","ENTRADA THERAPEUTICS","Health Care","Equity","5,519,900.17","0.01","5,519,900.17","759,271.00","7.27","United States","NASDAQ","USD","1.00","USD","-"
"LEGH","LEGACY HOUSING CORP","Consumer Discretionary","Equity","5,520,884.64","0.01","5,520,884.64","195,568.00","28.23","United States","NASDAQ","USD","1.00","USD","-"
"TG","TREDEGAR CORP","Materials","Equity","5,517,272.00","0.01","5,517,272.00","689,659.00","8.00","United States","NYSE","USD","1.00","USD","-"
"LMNR","LIMONEIRA","Consumer Staples","Equity","5,506,957.39","0.01","5,506,957.39","392,513.00","14.03","United States","NASDAQ","USD","1.00","USD","-"
"ALCO","ALICO INC","Consumer Staples","Equity","5,495,411.84","0.01","5,495,411.84","139,336.00","39.44","United States","NASDAQ","USD","1.00","USD","-"
"SPOK","SPOK HOLDINGS INC","Communication","Equity","5,481,983.25","0.01","5,481,983.25","499,725.00","10.97","United States","NASDAQ","USD","1.00","USD","-"
"PCYO","PURE CYCLE CORP","Utilities","Equity","5,473,788.32","0.01","5,473,788.32","478,478.00","11.44","United States","NASDAQ","USD","1.00","USD","-"
"OFRM","ONCE UPON A FARM PBC","Consumer Staples","Equity","5,465,194.74","0.01","5,465,194.74","307,206.00","17.79","United States","NYSE","USD","1.00","USD","-"
"ALMU","AELUMA INC","Information Technology","Equity","5,442,153.71","0.01","5,442,153.71","338,653.00","16.07","United States","NASDAQ","USD","1.00","USD","-"
"SKYH","SKY HARBOUR GROUP CLASS A","Industrials","Equity","5,416,069.25","0.01","5,416,069.25","528,397.00","10.25","United States","NYSE","USD","1.00","USD","-"
"DBI","DESIGNER BRANDS INC CLASS A","Consumer Discretionary","Equity","5,410,364.40","0.01","5,410,364.40","920,130.00","5.88","United States","NYSE","USD","1.00","USD","-"
"HDSN","HUDSON TECHNOLOGIES INC","Industrials","Equity","5,382,168.82","0.01","5,382,168.82","955,132.00","5.63","United States","NASDAQ","USD","1.00","USD","-"
"TARA","PROTARA THERAPEUTICS INC","Health Care","Equity","5,367,865.80","0.01","5,367,865.80","1,348,710.00","3.98","United States","NASDAQ","USD","1.00","USD","-"
"ALXO","ALX ONCOLOGY HOLDINGS INC","Health Care","Equity","5,343,807.04","0.01","5,343,807.04","2,569,138.00","2.08","United States","NASDAQ","USD","1.00","USD","-"
"USAU","US GOLD CORP","Materials","Equity","5,344,162.68","0.01","5,344,162.68","365,788.00","14.61","United States","NASDAQ","USD","1.00","USD","-"
"ASLE","AERSALE CORP","Industrials","Equity","5,322,873.60","0.01","5,322,873.60","924,110.00","5.76","United States","NASDAQ","USD","1.00","USD","-"
"FCAP","FIRST CAPITAL INC","Financials","Equity","5,327,281.96","0.01","5,327,281.96","83,356.00","63.91","United States","NASDAQ","USD","1.00","USD","-"
"SMHI","SEACOR MARINE HOLDINGS INC","Energy","Equity","5,328,294.70","0.01","5,328,294.70","540,395.00","9.86","United States","NYSE","USD","1.00","USD","-"
"ASYS","AMTECH SYSTEMS INC","Information Technology","Equity","5,293,500.48","0.01","5,293,500.48","313,596.00","16.88","United States","NASDAQ","USD","1.00","USD","-"
"OPBK","OP BANCORP","Financials","Equity","5,294,106.35","0.01","5,294,106.35","340,457.00","15.55","United States","NASDAQ","USD","1.00","USD","-"
"SIDU","SIDUS SPACE INC CLASS A","Industrials","Equity","5,283,778.52","0.01","5,283,778.52","2,165,483.00","2.44","United States","NASDAQ","USD","1.00","USD","-"
"INFU","INFUSYSTEM HOLDINGS INC","Health Care","Equity","5,279,972.29","0.01","5,279,972.29","431,723.00","12.23","United States","Nyse Mkt Llc","USD","1.00","USD","-"
"CMT","CORE MOLDING TECHNOLOGIES INC","Materials","Equity","5,260,013.55","0.01","5,260,013.55","201,765.00","26.07","United States","Nyse Mkt Llc","USD","1.00","USD","-"
"EU","ENCORE ENERGY","Energy","Equity","5,260,419.60","0.01","5,260,419.60","4,916,280.00","1.07","United States","NASDAQ","USD","1.00","USD","-"
"GOGO","GOGO","Communication","Equity","5,251,585.64","0.01","5,251,585.64","2,004,422.00","2.62","United States","NASDAQ","USD","1.00","USD","-"
"EVGO","EVGO INC CLASS A","Consumer Discretionary","Equity","5,225,341.50","0.01","5,225,341.50","3,483,561.00","1.50","United States","NASDAQ","USD","1.00","USD","-"
"EFSI","EAGLE FINANCIAL SERVICES INC","Financials","Equity","5,227,312.65","0.01","5,227,312.65","119,865.00","43.61","United States","NASDAQ","USD","1.00","USD","-"
"KWY","KINGSWAY CORP","Financials","Equity","5,201,387.84","0.01","5,201,387.84","531,296.00","9.79","United States","NYSE","USD","1.00","USD","-"
"YSS","YORK SPACE SYSTEMS INC","Industrials","Equity","5,165,225.26","0.01","5,165,225.26","495,703.00","10.42","United States","NYSE","USD","1.00","USD","-"
"CV","CAPSOVISION INC","Health Care","Equity","5,135,668.20","0.01","5,135,668.20","835,068.00","6.15","United States","NASDAQ","USD","1.00","USD","-"
"SSP","EW SCRIPPS CLASS A","Communication","Equity","5,139,512.40","0.01","5,139,512.40","1,557,428.00","3.30","United States","NASDAQ","USD","1.00","USD","-"
"SEG","SEAPORT ENTERTAINMENT GROUP INC","Real Estate","Equity","5,128,792.50","0.01","5,128,792.50","192,450.00","26.65","United States","NYSE","USD","1.00","USD","-"
"OPTU","OPTIMUM COMMUNICATIONS INC CLASS A","Communication","Equity","5,131,565.42","0.01","5,131,565.42","6,137,502.00","0.84","United States","NYSE","USD","1.00","USD","-"
"CFBK","CF BANKSHARES INC","Financials","Equity","5,117,345.10","0.01","5,117,345.10","143,343.00","35.70","United States","NASDAQ","USD","1.00","USD","-"
"BNED","BARNES AND NOBLE EDUCATION INC","Consumer Discretionary","Equity","5,120,885.70","0.01","5,120,885.70","428,526.00","11.95","United States","NYSE","USD","1.00","USD","-"
"QUIK","QUICKLOGIC CORP","Information Technology","Equity","5,113,914.16","0.01","5,113,914.16","423,688.00","12.07","United States","NASDAQ","USD","1.00","USD","-"
"ASUR","ASURE SOFTWARE INC","Industrials","Equity","5,104,662.71","0.01","5,104,662.71","610,971.00","8.36","United States","NASDAQ","USD","1.00","USD","-"
"BBCP","CONCRETE PUMPING HOLDINGS INC","Industrials","Equity","5,065,192.44","0.01","5,065,192.44","548,181.00","9.24","United States","NASDAQ","USD","1.00","USD","-"
"APC","ARKO PETROLEUM CORP CLASS A","Consumer Discretionary","Equity","5,067,025.25","0.01","5,067,025.25","273,155.00","18.55","United States","NASDAQ","USD","1.00","USD","-"
"AIRO","AIRO GROUP HOLDINGS INC","Industrials","Equity","5,056,934.34","0.01","5,056,934.34","563,133.00","8.98","United States","NASDAQ","USD","1.00","USD","-"
"TBCH","TURTLE BEACH","Information Technology","Equity","5,033,618.80","0.01","5,033,618.80","405,937.00","12.40","United States","NASDAQ","USD","1.00","USD","-"
"EBMT","EAGLE BANCORP MONTANA INC","Financials","Equity","5,034,102.32","0.01","5,034,102.32","213,944.00","23.53","United States","NASDAQ","USD","1.00","USD","-"
"GBFH","GBANK FINL HLDGS INC","Financials","Equity","5,025,959.10","0.01","5,025,959.10","237,634.00","21.15","United States","NASDAQ","USD","1.00","USD","-"
"PPIH","PERMA PIPE INTERNATIONAL HOLDINGS","Industrials","Equity","5,012,099.81","0.01","5,012,099.81","190,357.00","26.33","United States","NASDAQ","USD","1.00","USD","-"
"MITT","TPG MORTGAGE INVESTMENT TRUST INC","Financials","Equity","5,018,236.30","0.01","5,018,236.30","754,622.00","6.65","United States","NYSE","USD","1.00","USD","Jul 23, 2021"
"SRI","STONERIDGE INC","Consumer Discretionary","Equity","4,978,768.38","0.01","4,978,768.38","710,238.00","7.01","United States","NYSE","USD","1.00","USD","-"
"KROS","KEROS THERAPEUTICS","Health Care","Equity","4,981,087.31","0.01","4,981,087.31","469,471.00","10.61","United States","NASDAQ","USD","1.00","USD","-"
"NXDT","NEXPOINT DIVERSIFIED REAL ESTATE T","Real Estate","Equity","4,984,745.10","0.01","4,984,745.10","977,401.00","5.10","United States","NYSE","USD","1.00","USD","-"
"RCMT","RCM TECHNOLOGIES INC","Industrials","Equity","4,944,308.30","0.01","4,944,308.30","120,446.00","41.05","United States","NASDAQ","USD","1.00","USD","-"
"OSG","OCTAVE SPECIALTY GROUP INC","Financials","Equity","4,931,964.18","0.01","4,931,964.18","1,074,502.00","4.59","United States","NYSE","USD","1.00","USD","-"
"RBBN","RIBBON COMMUNICATIONS","Information Technology","Equity","4,925,810.52","0.01","4,925,810.52","2,414,613.00","2.04","United States","NASDAQ","USD","1.00","USD","-"
"IRD","OPUS GENETICS INC","Health Care","Equity","4,919,943.42","0.01","4,919,943.42","1,333,318.00","3.69","United States","NASDAQ","USD","1.00","USD","-"
"OPFI","OPPFI INC CLASS A","Financials","Equity","4,905,873.00","0.01","4,905,873.00","700,839.00","7.00","United States","NYSE","USD","1.00","USD","-"
"ACU","ACME UNITED CORP","Health Care","Equity","4,908,342.43","0.01","4,908,342.43","78,121.00","62.83","United States","Nyse Mkt Llc","USD","1.00","USD","-"
"ATOM","ATOMERA INC","Information Technology","Equity","4,908,364.20","0.01","4,908,364.20","997,635.00","4.92","United States","NASDAQ","USD","1.00","USD","-"
"TNXP","TONIX PHARMACEUTICALS HOLDING","Health Care","Equity","4,879,898.28","0.01","4,879,898.28","385,458.00","12.66","United States","NASDAQ","USD","1.00","USD","-"
"PSFE","PAYSAFE LTD","Financials","Equity","4,843,779.72","0.01","4,843,779.72","742,911.00","6.52","United States","NYSE","USD","1.00","USD","-"
"PBFS","PIONEER BANCORP INC","Financials","Equity","4,809,093.12","0.01","4,809,093.12","278,304.00","17.28","United States","NASDAQ","USD","1.00","USD","-"
"UTMD","UTAH MEDICAL PRODUCTS INC","Health Care","Equity","4,801,320.00","0.01","4,801,320.00","66,685.00","72.00","United States","NASDAQ","USD","1.00","USD","-"
"RNA","ATRIUM THERAPEUTICS INC","Health Care","Equity","4,790,218.80","0.01","4,790,218.80","373,070.00","12.84","United States","NASDAQ","USD","1.00","USD","-"
"FC","FRANKLIN COVEY","Industrials","Equity","4,792,507.46","0.01","4,792,507.46","244,142.00","19.63","United States","NYSE","USD","1.00","USD","-"
"RILY","BRC GROUP HOLDINGS INC","Financials","Equity","4,793,376.56","0.01","4,793,376.56","669,466.00","7.16","United States","NASDAQ","USD","1.00","USD","-"
"HWBK","HAWTHORN BANCSHARES INC","Financials","Equity","4,757,602.08","0.01","4,757,602.08","119,658.00","39.76","United States","NASDAQ","USD","1.00","USD","-"
"CIA","CITIZENS INC CLASS A","Financials","Equity","4,727,868.80","0.01","4,727,868.80","1,244,176.00","3.80","United States","NYSE","USD","1.00","USD","-"
"ALTI","ALTI GLOBAL INC CLASS A","Financials","Equity","4,701,052.20","0.01","4,701,052.20","1,205,398.00","3.90","United States","NASDAQ","USD","1.00","USD","-"
"RSVR","RESERVOIR MEDIA INC","Communication","Equity","4,694,330.19","0.01","4,694,330.19","484,451.00","9.69","United States","NASDAQ","USD","1.00","USD","-"
"HPK","HIGHPEAK ENERGY INC","Energy","Equity","4,682,336.60","0.01","4,682,336.60","596,476.00","7.85","United States","NASDAQ","USD","1.00","USD","-"
"EVMN","EVOMMUNE","Health Care","Equity","4,668,852.60","0.01","4,668,852.60","328,330.00","14.22","United States","NYSE","USD","1.00","USD","-"
"CDZI","CADIZ INC","Utilities","Equity","4,670,957.91","0.01","4,670,957.91","1,446,117.00","3.23","United States","NASDAQ","USD","1.00","USD","-"
"OBIO","ORCHESTRA BIOMED HOLDINGS INC","Health Care","Equity","4,648,569.32","0.01","4,648,569.32","821,302.00","5.66","United States","NASDAQ","USD","1.00","USD","-"
"UIS","UNISYS","Information Technology","Equity","4,619,390.58","0.01","4,619,390.58","1,736,613.00","2.66","United States","NYSE","USD","1.00","USD","-"
"JRVR","JAMES RIVER GROUP HOLDINGS INC","Financials","Equity","4,625,039.25","0.01","4,625,039.25","1,141,985.00","4.05","United States","NASDAQ","USD","1.00","USD","-"
"IVVD","INVIVYD","Health Care","Equity","4,611,195.28","0.01","4,611,195.28","5,311,825.00","0.87","United States","NASDAQ","USD","1.00","USD","-"
"WBTN","WEBTOON ENTERTAINMENT INC","Communication","Equity","4,608,441.75","0.01","4,608,441.75","558,599.00","8.25","United States","NASDAQ","USD","1.00","USD","-"
"NCMI","NATIONAL CINEMEDIA INC","Communication","Equity","4,596,608.52","0.01","4,596,608.52","1,824,051.00","2.52","United States","NASDAQ","USD","1.00","USD","-"
"XPOF","XPONENTIAL FITNESS CLASS A","Consumer Discretionary","Equity","4,582,078.41","0.01","4,582,078.41","903,763.00","5.07","United States","NYSE","USD","1.00","USD","-"
"DTIL","PRECISION BIOSCIENCES INC","Health Care","Equity","4,571,435.80","0.01","4,571,435.80","555,460.00","8.23","United States","NASDAQ","USD","1.00","USD","-"
"ESCA","ESCALADE INC","Consumer Discretionary","Equity","4,559,917.35","0.01","4,559,917.35","224,295.00","20.33","United States","NASDAQ","USD","1.00","USD","-"
"AMPY","AMPLIFY ENERGY","Energy","Equity","4,560,009.20","0.01","4,560,009.20","946,060.00","4.82","United States","NYSE","USD","1.00","USD","-"
"KRO","KRONOS WORLDWIDE","Materials","Equity","4,537,220.87","0.01","4,537,220.87","572,159.00","7.93","United States","NYSE","USD","1.00","USD","-"
"OVBC","OHIO VALLEY BANC CORP","Financials","Equity","4,533,002.76","0.01","4,533,002.76","100,199.00","45.24","United States","NASDAQ","USD","1.00","USD","-"
"ZNTL","ZENTALIS PHARMACEUTICALS INC","Health Care","Equity","4,506,432.32","0.01","4,506,432.32","1,224,574.00","3.68","United States","NASDAQ","USD","1.00","USD","-"
"NAGE","NIAGEN BIOSCIENCE INC","Consumer Staples","Equity","4,507,383.06","0.01","4,507,383.06","1,473,001.00","3.06","United States","NASDAQ","USD","1.00","USD","-"
"KGEI","KOLIBRI GLOBAL ENERGY INC","Energy","Equity","4,497,300.57","0.01","4,497,300.57","738,473.00","6.09","Canada","NASDAQ","USD","1.00","USD","-"
"VYGR","VOYAGER THERAPEUTICS","Health Care","Equity","4,489,151.70","0.01","4,489,151.70","1,360,349.00","3.30","United States","NASDAQ","USD","1.00","USD","-"
"AIRJ","AIRJOULE TECHNOLOGIES CLASS A","Industrials","Equity","4,478,615.40","0.01","4,478,615.40","841,845.00","5.32","United States","NASDAQ","USD","1.00","USD","-"
"PLX","PROTALIX BIOTHERAPEUTICS INC","Health Care","Equity","4,471,138.62","0.01","4,471,138.62","1,910,743.00","2.34","Israel","Nyse Mkt Llc","USD","1.00","USD","-"
"ZSQR","Z SQUARED INC","Health Care","Equity","4,462,665.90","0.01","4,462,665.90","1,159,134.00","3.85","United States","NASDAQ","USD","1.00","USD","-"
"ESOA","ENERGY SERVICES OF AMERICA CORP","Energy","Equity","4,456,928.56","0.01","4,456,928.56","354,851.00","12.56","United States","NASDAQ","USD","1.00","USD","-"
"SWMR","SWARMER INC","Industrials","Equity","4,458,963.30","0.01","4,458,963.30","95,155.00","46.86","United States","NASDAQ","USD","1.00","USD","-"
"GENC","GENCOR INDUSTRIES INC","Industrials","Equity","4,355,839.80","0.01","4,355,839.80","226,395.00","19.24","United States","Nyse Mkt Llc","USD","1.00","USD","-"
"LCTX","LINEAGE CELL THERAPEUTICS INC","Health Care","Equity","4,358,475.14","0.01","4,358,475.14","4,111,769.00","1.06","United States","Nyse Mkt Llc","USD","1.00","USD","-"
"MPAA","MOTORCAR PARTS OF AMERICA INC","Consumer Discretionary","Equity","4,326,330.88","0.01","4,326,330.88","368,512.00","11.74","United States","NASDAQ","USD","1.00","USD","-"
"NLOP","NET LEASE OFFICE PROPERTIES","Real Estate","Equity","4,318,971.16","0.01","4,318,971.16","376,217.00","11.48","United States","NYSE","USD","1.00","USD","-"
"MNSB","MAINSTREET BANCSHARES INC","Financials","Equity","4,320,349.80","0.01","4,320,349.80","170,428.00","25.35","United States","NASDAQ","USD","1.00","USD","-"
"ELMT","ELMET GROUP","Industrials","Equity","4,299,018.00","0.01","4,299,018.00","239,100.00","17.98","United States","NASDAQ","USD","1.00","USD","-"
"TAYD","TAYLOR DEVICES INC","Industrials","Equity","4,290,197.94","0.01","4,290,197.94","76,734.00","55.91","United States","NASDAQ","USD","1.00","USD","-"
"CMTV","COMMUNITY BANCORP VT","Financials","Equity","4,261,989.00","0.01","4,261,989.00","100,995.00","42.20","United States","NASDAQ","USD","1.00","USD","-"
"CHRS","COHERUS ONCOLOGY INC","Health Care","Equity","4,262,556.08","0.01","4,262,556.08","3,181,012.00","1.34","United States","NASDAQ","USD","1.00","USD","-"
"SRZN","SURROZEN","Health Care","Equity","4,236,576.00","0.01","4,236,576.00","176,524.00","24.00","United States","NASDAQ","USD","1.00","USD","-"
"AOMR","ANGEL OAK MORTGAGE REIT","Financials","Equity","4,237,286.76","0.01","4,237,286.76","480,418.00","8.82","United States","NYSE","USD","1.00","USD","Jun 17, 2021"
"CMDB","COSTAMARE BULKERS HOLDINGS LTD","Industrials","Equity","4,214,920.64","0.01","4,214,920.64","217,376.00","19.39","Monaco","NYSE","USD","1.00","USD","-"
"SITC","SITE CENTERS","Real Estate","Equity","4,171,649.46","0.01","4,171,649.46","1,376,782.00","3.03","United States","NYSE","USD","1.00","USD","-"
"ACTG","ACACIA RESEARCH","Financials","Equity","4,142,406.75","0.01","4,142,406.75","887,025.00","4.67","United States","NASDAQ","USD","1.00","USD","-"
"MVST","MICROVAST HOLDINGS","Industrials","Equity","4,095,877.44","0.01","4,095,877.44","5,379,403.00","0.76","United States","NASDAQ","USD","1.00","USD","-"
"BRT","BRT APARTMENTS CORP","Real Estate","Equity","4,073,188.56","0.00","4,073,188.56","282,468.00","14.42","United States","NYSE","USD","1.00","USD","-"
"NMRA","NEUMORA THERAPEUTICS INC","Health Care","Equity","4,060,494.04","0.00","4,060,494.04","2,475,911.00","1.64","United States","NASDAQ","USD","1.00","USD","-"
"CMTG","CLAROS MORTGAGE TRUST INC","Financials","Equity","4,067,768.50","0.00","4,067,768.50","2,392,805.00","1.70","United States","NYSE","USD","1.00","USD","-"
"CRBP","CORBUS PHARMACEUTICALS HOLDINGS","Health Care","Equity","4,055,224.32","0.00","4,055,224.32","402,304.00","10.08","United States","NASDAQ","USD","1.00","USD","-"
"NREF","NEXPOINT REAL ESTATE FINANCE","Financials","Equity","4,056,215.18","0.00","4,056,215.18","236,101.00","17.18","United States","NYSE","USD","1.00","USD","-"
"NC","NACCO INDUSTRIES INC CLASS A","Energy","Equity","4,049,847.44","0.00","4,049,847.44","96,059.00","42.16","United States","NYSE","USD","1.00","USD","-"
"INSE","INSPIRED ENTERTAINMENT INC","Consumer Discretionary","Equity","4,012,221.85","0.00","4,012,221.85","674,323.00","5.95","United States","NASDAQ","USD","1.00","USD","-"
"SABS","SAB BIOTHERAPEUTICS INC","Health Care","Equity","3,945,731.10","0.00","3,945,731.10","1,041,090.00","3.79","United States","NASDAQ","USD","1.00","USD","-"
"CMRC","BIGCOMMERCE HOLDINGS SERIES","Information Technology","Equity","3,938,282.64","0.00","3,938,282.64","1,902,552.00","2.07","United States","NASDAQ","USD","1.00","USD","-"
"BCBP","BCB BANCORP INC","Financials","Equity","3,900,047.00","0.00","3,900,047.00","437,225.00","8.92","United States","NASDAQ","USD","1.00","USD","-"
"GEMI","GEMINI SPACE STATION INC CLASS A","Financials","Equity","3,894,187.62","0.00","3,894,187.62","1,100,053.00","3.54","United States","NASDAQ","USD","1.00","USD","-"
"BVFL","BV FINANCIAL INC","Financials","Equity","3,845,410.00","0.00","3,845,410.00","175,750.00","21.88","United States","NASDAQ","USD","1.00","USD","-"
"LZM","LIFEZONE METALS LTD","Materials","Equity","3,833,079.16","0.00","3,833,079.16","987,907.00","3.88","Isle of Man","NYSE","USD","1.00","USD","-"
"ACDC","PROFRAC HOLDING CLASS A","Energy","Equity","3,823,149.90","0.00","3,823,149.90","751,110.00","5.09","United States","NASDAQ","USD","1.00","USD","-"
"JILL","J JILL INC","Consumer Discretionary","Equity","3,816,180.00","0.00","3,816,180.00","190,809.00","20.00","United States","NYSE","USD","1.00","USD","-"
"PXED","PHOENIX EDUCATION PARTNERS","Consumer Discretionary","Equity","3,810,799.08","0.00","3,810,799.08","140,206.00","27.18","United States","NYSE","USD","1.00","USD","-"
"INTT","INTEST CORP","Information Technology","Equity","3,798,740.58","0.00","3,798,740.58","278,909.00","13.62","United States","Nyse Mkt Llc","USD","1.00","USD","-"
"KLTR","KALTURA INC","Information Technology","Equity","3,790,242.02","0.00","3,790,242.02","2,269,606.00","1.67","United States","NASDAQ","USD","1.00","USD","-"
"DOMO","DOMO INC CLASS B","Information Technology","Equity","3,786,033.75","0.00","3,786,033.75","1,009,609.00","3.75","United States","NASDAQ","USD","1.00","USD","-"
"LARK","LANDMARK BANCORP INC","Financials","Equity","3,789,370.29","0.00","3,789,370.29","117,847.00","32.16","United States","NASDAQ","USD","1.00","USD","-"
"USNA","USANA HEALTH SCIENCES INC","Consumer Staples","Equity","3,774,876.39","0.00","3,774,876.39","285,759.00","13.21","United States","NYSE","USD","1.00","USD","-"
"CABO","CABLE ONE INC","Communication","Equity","3,757,365.99","0.00","3,757,365.99","133,857.00","28.07","United States","NYSE","USD","1.00","USD","-"
"KRRO","KORRO BIO","Health Care","Equity","3,752,219.38","0.00","3,752,219.38","283,829.00","13.22","United States","NASDAQ","USD","1.00","USD","-"
"KRMD","KORU MEDICAL SYSTEMS INC","Health Care","Equity","3,754,808.10","0.00","3,754,808.10","1,127,570.00","3.33","United States","NASDAQ","USD","1.00","USD","-"
"FF","FUTUREFUEL CORP","Energy","Equity","3,747,712.40","0.00","3,747,712.40","662,140.00","5.66","United States","NYSE","USD","1.00","USD","-"
"PRLD","PRELUDE THERAPEUTICS","Health Care","Equity","3,740,317.50","0.00","3,740,317.50","650,490.00","5.75","United States","NASDAQ","USD","1.00","USD","-"
"DOUG","DOUGLAS ELLIMAN INC","Real Estate","Equity","3,731,266.08","0.00","3,731,266.08","1,984,716.00","1.88","United States","NYSE","USD","1.00","USD","-"
"SSTK","SHUTTERSTOCK","Communication","Equity","3,693,362.49","0.00","3,693,362.49","687,777.00","5.37","United States","NYSE","USD","1.00","USD","-"
"GALT","GALECTIN THERAPEUTICS INC","Health Care","Equity","3,695,623.36","0.00","3,695,623.36","1,049,893.00","3.52","United States","NASDAQ","USD","1.00","USD","-"
"EVCM","EVERCOMMERCE INC","Information Technology","Equity","3,680,773.70","0.00","3,680,773.70","368,815.00","9.98","United States","NASDAQ","USD","1.00","USD","-"
"ADV","ADVANTAGE SOLUTIONS CLASS A","Communication","Equity","3,654,375.64","0.00","3,654,375.64","111,823.00","32.68","United States","NASDAQ","USD","1.00","USD","-"
"LWAY","LIFEWAY FOODS INC","Consumer Staples","Equity","3,597,306.60","0.00","3,597,306.60","141,348.00","25.45","United States","NASDAQ","USD","1.00","USD","-"
"SPRB","SPRUCE BIOSCIENCES","Health Care","Equity","3,589,708.00","0.00","3,589,708.00","67,929.00","52.84","United States","NASDAQ","USD","1.00","USD","-"
"RGCO","RGC RESOURCES INC","Utilities","Equity","3,591,642.27","0.00","3,591,642.27","166,511.00","21.57","United States","NASDAQ","USD","1.00","USD","-"
"INGN","INOGEN","Health Care","Equity","3,563,644.00","0.00","3,563,644.00","636,365.00","5.60","United States","NASDAQ","USD","1.00","USD","-"
"CBFV","CB FINANCIAL SERVICES INC","Financials","Equity","3,552,472.56","0.00","3,552,472.56","95,394.00","37.24","United States","NASDAQ","USD","1.00","USD","-"
"SND","SMART SAND INC","Energy","Equity","3,555,403.81","0.00","3,555,403.81","715,373.00","4.97","United States","NASDAQ","USD","1.00","USD","-"
"ANTX","AN2 THERAPEUTICS INC","Health Care","Equity","3,559,427.43","0.00","3,559,427.43","596,219.00","5.97","United States","NASDAQ","USD","1.00","USD","-"
"PDEX","PRO DEX INC","Health Care","Equity","3,539,818.80","0.00","3,539,818.80","52,920.00","66.89","United States","NASDAQ","USD","1.00","USD","-"
"LYEL","LYELL IMMUNOPHARMA","Health Care","Equity","3,542,975.99","0.00","3,542,975.99","224,381.00","15.79","United States","NASDAQ","USD","1.00","USD","-"
"CRBU","CARIBOU BIOSCIENCES","Health Care","Equity","3,535,610.52","0.00","3,535,610.52","2,266,417.00","1.56","United States","NASDAQ","USD","1.00","USD","-"
"SLNH","SOLUNA HOLDINGS INC","Information Technology","Equity","3,517,807.41","0.00","3,517,807.41","3,006,673.00","1.17","United States","NASDAQ","USD","1.00","USD","-"
"SGC","SUPERIOR GROUP OF COMPANIES INC","Consumer Discretionary","Equity","3,497,577.36","0.00","3,497,577.36","278,248.00","12.57","United States","NASDAQ","USD","1.00","USD","-"
"LUCD","LUCID DIAGNOSTICS INC","Health Care","Equity","3,489,775.53","0.00","3,489,775.53","3,526,807.00","0.99","United States","NASDAQ","USD","1.00","USD","-"
"PAL","PROFICIENT AUTO LOGISTICS INC","Industrials","Equity","3,493,392.00","0.00","3,493,392.00","621,600.00","5.62","United States","NASDAQ","USD","1.00","USD","-"
"SNFCA","SECURITY NATIONAL FINANCIAL CORP C","Financials","Equity","3,480,371.27","0.00","3,480,371.27","406,111.00","8.57","United States","NASDAQ","USD","1.00","USD","-"
"PNRG","PRIMEENERGY RESOURCES CORP","Energy","Equity","3,483,338.96","0.00","3,483,338.96","16,376.00","212.71","United States","NASDAQ","USD","1.00","USD","-"
"WHWK","WHITEHAWK THERAPEUTICS INC","Health Care","Equity","3,454,608.08","0.00","3,454,608.08","725,758.00","4.76","United States","NASDAQ","USD","1.00","USD","-"
"ANGI","ANGI INC CLASS A","Communication","Equity","3,458,651.67","0.00","3,458,651.67","747,009.00","4.63","United States","NASDAQ","USD","1.00","USD","-"
"SRBK","SR BANCORP INC","Financials","Equity","3,443,307.84","0.00","3,443,307.84","170,208.00","20.23","United States","NASDAQ","USD","1.00","USD","-"
"ULH","UNIVERSAL LOGISTICS HOLDINGS INC","Industrials","Equity","3,429,526.40","0.00","3,429,526.40","177,880.00","19.28","United States","NASDAQ","USD","1.00","USD","-"
"UNCY","UNICYCIVE THERAPEUTICS INC","Health Care","Equity","3,429,570.80","0.00","3,429,570.80","609,160.00","5.63","United States","NASDAQ","USD","1.00","USD","-"
"ALTG","ALTA EQUIPMENT GROUP INC CLASS A","Industrials","Equity","3,426,373.30","0.00","3,426,373.30","511,399.00","6.70","United States","NYSE","USD","1.00","USD","-"
"XZO","EXZEO GROUP INC","Financials","Equity","3,420,663.18","0.00","3,420,663.18","211,937.00","16.14","United States","NYSE","USD","1.00","USD","-"
"AP","AMPCO PITTSBURGH CORP","Materials","Equity","3,412,672.38","0.00","3,412,672.38","380,454.00","8.97","United States","NYSE","USD","1.00","USD","-"
"BRCB","BLACK ROCK COFFEE BAR CLASS A","Consumer Discretionary","Equity","3,398,847.11","0.00","3,398,847.11","436,309.00","7.79","United States","NASDAQ","USD","1.00","USD","-"
"CDXS","CODEXIS","Health Care","Equity","3,390,543.00","0.00","3,390,543.00","2,260,362.00","1.50","United States","NASDAQ","USD","1.00","USD","-"
"PLTK","PLAYTIKA HOLDING CORP","Communication","Equity","3,372,214.92","0.00","3,372,214.92","1,512,204.00","2.23","United States","NASDAQ","USD","1.00","USD","-"
"LFMD","LIFEMD INC","Health Care","Equity","3,370,062.00","0.00","3,370,062.00","1,030,600.00","3.27","United States","NASDAQ","USD","1.00","USD","-"
"SIGA","SIGA TECHNOLOGIES INC","Health Care","Equity","3,348,533.89","0.00","3,348,533.89","1,119,911.00","2.99","United States","NASDAQ","USD","1.00","USD","-"
"SES","SES AI CLASS A","Industrials","Equity","3,346,701.30","0.00","3,346,701.30","6,300,266.00","0.53","United States","NYSE","USD","1.00","USD","-"
"CURI","CURIOSITYSTREAM INC CLASS A","Communication","Equity","3,322,333.30","0.00","3,322,333.30","1,161,655.00","2.86","United States","NASDAQ","USD","1.00","USD","-"
"ONL","ORION PROPERTIES","Real Estate","Equity","3,282,243.93","0.00","3,282,243.93","1,143,639.00","2.87","United States","NYSE","USD","1.00","USD","-"
"LAW","CS DISCO","Information Technology","Equity","3,279,220.10","0.00","3,279,220.10","741,905.00","4.42","United States","NYSE","USD","1.00","USD","-"
"ESP","ESPEY MANUFACTURING AND ELECTRONIC","Industrials","Equity","3,244,642.20","0.00","3,244,642.20","49,956.00","64.95","United States","Nyse Mkt Llc","USD","1.00","USD","-"
"MDWD","MEDIWOUND LTD","Health Care","Equity","3,245,024.20","0.00","3,245,024.20","237,905.00","13.64","Israel","NASDAQ","USD","1.00","USD","-"
"CHPT","CHARGEPOINT HOLDINGS INC CLASS A","Industrials","Equity","3,233,195.62","0.00","3,233,195.62","580,466.00","5.57","United States","NYSE","USD","1.00","USD","-"
"WHG","WESTWOOD HOLDINGS GROUP INC","Financials","Equity","3,235,605.95","0.00","3,235,605.95","165,335.00","19.57","United States","NYSE","USD","1.00","USD","-"
"ORGO","ORGANOGENESIS HOLDINGS CLASS A","Health Care","Equity","3,192,737.08","0.00","3,192,737.08","1,783,652.00","1.79","United States","NASDAQ","USD","1.00","USD","-"
"CXDO","CREXENDO INC","Information Technology","Equity","3,168,434.50","0.00","3,168,434.50","481,525.00","6.58","United States","NASDAQ","USD","1.00","USD","-"
"ONEW","ONEWATER MARINE CLASS A INC","Consumer Discretionary","Equity","3,164,952.80","0.00","3,164,952.80","278,605.00","11.36","United States","NASDAQ","USD","1.00","USD","-"
"RMBI","RICHMOND MUTUAL BANCORPORATION INC","Financials","Equity","3,153,441.67","0.00","3,153,441.67","196,967.00","16.01","United States","NASDAQ","USD","1.00","USD","-"
"LFCR","LIFECORE BIOMEDICAL","Health Care","Equity","3,158,702.70","0.00","3,158,702.70","721,165.00","4.38","United States","NASDAQ","USD","1.00","USD","-"
"MPLT","MAPLIGHT THERAPEUTICS","Health Care","Equity","3,129,297.72","0.00","3,129,297.72","264,746.00","11.82","United States","NASDAQ","USD","1.00","USD","-"
"EGAN","EGAIN CORP","Information Technology","Equity","3,129,411.55","0.00","3,129,411.55","435,245.00","7.19","United States","NASDAQ","USD","1.00","USD","-"
"CARL","CARLSMED","Health Care","Equity","3,133,489.92","0.00","3,133,489.92","210,584.00","14.88","United States","NASDAQ","USD","1.00","USD","-"
"BHR","BRAEMAR HOTELS RESORTS INC","Real Estate","Equity","3,101,379.40","0.00","3,101,379.40","1,512,868.00","2.05","United States","NYSE","USD","1.00","USD","-"
"RNAC","CARTESIAN THERAPEUTICS","Health Care","Equity","3,079,810.40","0.00","3,079,810.40","334,762.00","9.20","United States","NASDAQ","USD","1.00","USD","-"
"GLSI","GREENWICH LIFESCIENCES INC","Health Care","Equity","3,082,670.52","0.00","3,082,670.52","178,602.00","17.26","United States","NASDAQ","USD","1.00","USD","-"
"MNTK","MONTAUK RENEWABLES INC","Utilities","Equity","3,072,923.28","0.00","3,072,923.28","1,670,067.00","1.84","United States","NASDAQ","USD","1.00","USD","-"
"FINW","FINWISE BANCORP","Financials","Equity","3,058,357.61","0.00","3,058,357.61","217,987.00","14.03","United States","NASDAQ","USD","1.00","USD","-"
"HNVR","HANOVER BANCORP INC","Financials","Equity","3,026,572.70","0.00","3,026,572.70","109,105.00","27.74","United States","NASDAQ","USD","1.00","USD","-"
"FJET","STARFIGHTERS SPACE INC","Industrials","Equity","3,012,956.07","0.00","3,012,956.07","758,931.00","3.97","United States","Nyse Mkt Llc","USD","1.00","USD","-"
"TTGT","TECHTARGET INC","Communication","Equity","2,995,796.65","0.00","2,995,796.65","778,129.00","3.85","United States","NASDAQ","USD","1.00","USD","-"
"ORMP","ORAMED PHARMACEUTICALS INC","Health Care","Equity","2,998,685.20","0.00","2,998,685.20","627,340.00","4.78","United States","NASDAQ","USD","1.00","USD","-"
"LE","LAND END","Consumer Discretionary","Equity","2,987,261.00","0.00","2,987,261.00","249,980.00","11.95","United States","NASDAQ","USD","1.00","USD","-"
"QTRX","QUANTERIX","Health Care","Equity","2,978,152.68","0.00","2,978,152.68","1,111,251.00","2.68","United States","NASDAQ","USD","1.00","USD","-"
"MLP","MAUI LAND AND PINEAPPLE INC","Real Estate","Equity","2,939,043.96","0.00","2,939,043.96","182,436.00","16.11","United States","NYSE","USD","1.00","USD","-"
"CVGI","COMMERCIAL VEHICLE GROUP INC","Industrials","Equity","2,929,528.72","0.00","2,929,528.72","893,149.00","3.28","United States","NASDAQ","USD","1.00","USD","-"
"NERV","MINERVA NEUROSCIENCES INC","Health Care","Equity","2,923,891.66","0.00","2,923,891.66","644,029.00","4.54","United States","NASDAQ","USD","1.00","USD","-"
"EPM","EVOLUTION PETROLEUM CORP","Energy","Equity","2,924,400.33","0.00","2,924,400.33","763,551.00","3.83","United States","Nyse Mkt Llc","USD","1.00","USD","-"
"SION","SIONNA THERAPEUTICS","Health Care","Equity","2,841,796.98","0.00","2,841,796.98","478,417.00","5.94","United States","NASDAQ","USD","1.00","USD","-"
"FOA","FINANCE OF AMERICA COMPANIES INC C","Financials","Equity","2,837,830.95","0.00","2,837,830.95","136,107.00","20.85","United States","NYSE","USD","1.00","USD","-"
"ABOS","ACUMEN PHARMACEUTICALS INC","Health Care","Equity","2,806,513.50","0.00","2,806,513.50","1,024,275.00","2.74","United States","NASDAQ","USD","1.00","USD","-"
"NODK","NI HOLDINGS INC","Financials","Equity","2,785,899.24","0.00","2,785,899.24","183,042.00","15.22","United States","NASDAQ","USD","1.00","USD","-"
"ADCT","ADC THERAPEUTICS SA","Health Care","Equity","2,787,072.88","0.00","2,787,072.88","2,705,896.00","1.03","United States","NYSE","USD","1.00","USD","-"
"EAF","GRAFTECH INTERNATIONAL LTD","Industrials","Equity","2,775,076.74","0.00","2,775,076.74","395,874.00","7.01","United States","NYSE","USD","1.00","USD","-"
"BETR","BETTER HOME FINANCE HOLDING CLASS","Financials","Equity","2,780,824.50","0.00","2,780,824.50","213,090.00","13.05","United States","NASDAQ","USD","1.00","USD","-"
"STRW","STRAWBERRY FIELDS REIT INC","Real Estate","Equity","2,747,578.68","0.00","2,747,578.68","198,238.00","13.86","United States","Nyse Mkt Llc","USD","1.00","USD","-"
"RFIL","RF INDUSTRIES LTD","Information Technology","Equity","2,737,767.00","0.00","2,737,767.00","212,230.00","12.90","United States","NASDAQ","USD","1.00","USD","-"
"NKTX","NKARTA","Health Care","Equity","2,725,772.66","0.00","2,725,772.66","1,131,026.00","2.41","United States","NASDAQ","USD","1.00","USD","-"
"GYRE","GYRE THERAPEUTICS","Health Care","Equity","2,721,201.86","0.00","2,721,201.86","389,857.00","6.98","United States","NASDAQ","USD","1.00","USD","-"
"ELA","ENVELA CORP","Consumer Discretionary","Equity","2,724,259.20","0.00","2,724,259.20","174,632.00","15.60","United States","Nyse Mkt Llc","USD","1.00","USD","-"
"SAMG","SILVERCREST ASSET MANAGEMENT GROUP","Financials","Equity","2,687,734.92","0.00","2,687,734.92","258,934.00","10.38","United States","NASDAQ","USD","1.00","USD","-"
"GLIBA","LIBERTY CAPITAL CORP SERIES A","Communication","Equity","2,662,475.40","0.00","2,662,475.40","100,395.00","26.52","United States","NASDAQ","USD","1.00","USD","-"
"DMRC","DIGIMARC","Information Technology","Equity","2,648,345.00","0.00","2,648,345.00","378,335.00","7.00","United States","NASDAQ","USD","1.00","USD","-"
"LDI","LOANDEPOT INC CLASS A","Financials","Equity","2,629,234.70","0.00","2,629,234.70","3,064,019.00","0.86","United States","NYSE","USD","1.00","USD","-"
"AMTX","AEMETIS INC","Energy","Equity","2,609,442.36","0.00","2,609,442.36","1,402,926.00","1.86","United States","NASDAQ","USD","1.00","USD","-"
"RAIL","FREIGHTCAR AMERICA INC","Industrials","Equity","2,587,731.40","0.00","2,587,731.40","361,415.00","7.16","United States","NASDAQ","USD","1.00","USD","-"
"LENZ","LENZ THERAPEUTICS","Health Care","Equity","2,540,468.61","0.00","2,540,468.61","532,593.00","4.77","United States","NASDAQ","USD","1.00","USD","-"
"SMTI","SANARA MEDTECH INC","Health Care","Equity","2,521,746.00","0.00","2,521,746.00","73,800.00","34.17","United States","NASDAQ","USD","1.00","USD","-"
"LCUT","LIFETIME BRANDS INC","Consumer Discretionary","Equity","2,514,807.90","0.00","2,514,807.90","254,021.00","9.90","United States","NASDAQ","USD","1.00","USD","-"
"CBNA","CHAIN BRIDGE BANCORP INC CLASS A","Financials","Equity","2,504,528.07","0.00","2,504,528.07","52,827.00","47.41","United States","NYSE","USD","1.00","USD","-"
"DIBS","1STDIBS COM INC","Consumer Discretionary","Equity","2,484,071.90","0.00","2,484,071.90","497,810.00","4.99","United States","NASDAQ","USD","1.00","USD","-"
"BDTX","BLACK DIAMOND THERAPEUTICS INC","Health Care","Equity","2,462,493.10","0.00","2,462,493.10","1,195,385.00","2.06","United States","NASDAQ","USD","1.00","USD","-"
"KVHI","KVH INDUSTRIES INC","Information Technology","Equity","2,459,162.51","0.00","2,459,162.51","312,473.00","7.87","United States","NASDAQ","USD","1.00","USD","-"
"TRAK","REPOSITRAK INC","Information Technology","Equity","2,453,717.84","0.00","2,453,717.84","302,182.00","8.12","United States","NYSE","USD","1.00","USD","-"
"CAMP","CAMP4 THERAPEUTICS CORP","Health Care","Equity","2,440,533.20","0.00","2,440,533.20","498,068.00","4.90","United States","NASDAQ","USD","1.00","USD","-"
"OKUR","ONKURE THERAPEUTICS INC CLASS A","Health Care","Equity","2,368,457.59","0.00","2,368,457.59","562,579.00","4.21","United States","NASDAQ","USD","1.00","USD","-"
"VERI","VERITONE INC","Information Technology","Equity","2,360,182.76","0.00","2,360,182.76","2,371,328.00","1.00","United States","NASDAQ","USD","1.00","USD","-"
"PROK","PROKIDNEY CORP CLASS A","Health Care","Equity","2,351,940.90","0.00","2,351,940.90","1,704,305.00","1.38","United States","NASDAQ","USD","1.00","USD","-"
"BALY","BALLY S","Consumer Discretionary","Equity","2,351,945.97","0.00","2,351,945.97","263,967.00","8.91","United States","NYSE","USD","1.00","USD","-"
"OFLX","OMEGA FLEX INC","Industrials","Equity","2,339,467.25","0.00","2,339,467.25","82,813.00","28.25","United States","NASDAQ","USD","1.00","USD","-"
"BHA","BIGLARI HOLDINGS INC CLASS A","Consumer Discretionary","Equity","2,331,461.88","0.00","2,331,461.88","1,188.00","1,962.51","United States","NYSE","USD","1.00","USD","-"
"ECBK","ECB BANCORP INC","Financials","Equity","2,326,094.70","0.00","2,326,094.70","112,155.00","20.74","United States","NASDAQ","USD","1.00","USD","-"
"KLC","KINDERCARE LEARNING COMPANIES INC","Consumer Discretionary","Equity","2,263,137.92","0.00","2,263,137.92","832,036.00","2.72","United States","NYSE","USD","1.00","USD","-"
"EVI","EVI INDUSTRIES INC","Industrials","Equity","2,240,783.04","0.00","2,240,783.04","142,816.00","15.69","United States","Nyse Mkt Llc","USD","1.00","USD","-"
"SVCO","SILVACO GROUP INC","Information Technology","Equity","2,216,528.00","0.00","2,216,528.00","325,960.00","6.80","United States","NASDAQ","USD","1.00","USD","-"
"CPSS","CONSUMER PORTFOLIO SERVICES INC","Financials","Equity","2,205,480.68","0.00","2,205,480.68","240,773.00","9.16","United States","NASDAQ","USD","1.00","USD","-"
"STXS","STEREOTAXIS INC","Health Care","Equity","2,197,682.48","0.00","2,197,682.48","1,615,943.00","1.36","United States","Nyse Mkt Llc","USD","1.00","USD","-"
"GWRS","GLOBAL WATER RESOURCES INC","Utilities","Equity","2,174,951.23","0.00","2,174,951.23","247,999.00","8.77","United States","NASDAQ","USD","1.00","USD","-"
"CNTN","CANTON STRATEGIC HOLDINGS INC","Health Care","Equity","2,166,824.22","0.00","2,166,824.22","1,078,022.00","2.01","United States","NASDAQ","USD","1.00","USD","-"
"ACH","ACCENDRA HEALTH","Health Care","Equity","2,150,317.68","0.00","2,150,317.68","1,902,936.00","1.13","United States","NYSE","USD","1.00","USD","-"
"BNAI","BRAND ENGAGEMENT NETWORK INC","Information Technology","Equity","2,123,995.10","0.00","2,123,995.10","134,006.00","15.85","United States","NASDAQ","USD","1.00","USD","-"
"FLWS","1-800 FLOWERS.COM CLASS A","Consumer Discretionary","Equity","2,109,306.06","0.00","2,109,306.06","524,703.00","4.02","United States","NASDAQ","USD","1.00","USD","-"
"TKNO","ALPHA TEKNOVA","Health Care","Equity","2,059,064.79","0.00","2,059,064.79","302,359.00","6.81","United States","NASDAQ","USD","1.00","USD","-"
"ACR","ACRES COMMERCIAL REALTY","Financials","Equity","2,049,864.04","0.00","2,049,864.04","138,131.00","14.84","United States","NYSE","USD","1.00","USD","-"
"ZENA","ZENATECH INC","Information Technology","Equity","2,050,544.76","0.00","2,050,544.76","1,005,169.00","2.04","Canada","NASDAQ","USD","1.00","USD","-"
"SMID","SMITH MIDLAND CORP","Materials","Equity","1,993,685.33","0.00","1,993,685.33","70,673.00","28.21","United States","NASDAQ","USD","1.00","USD","-"
"GPRO","GOPRO INC CLASS A","Consumer Discretionary","Equity","1,984,530.52","0.00","1,984,530.52","3,349,984.00","0.59","United States","NASDAQ","USD","1.00","USD","-"
"TRON","TRON INC","Consumer Discretionary","Equity","1,965,489.00","0.00","1,965,489.00","1,310,326.00","1.50","United States","NASDAQ","USD","1.00","USD","-"
"EPSN","EPSILON ENERGY LTD","Energy","Equity","1,939,174.72","0.00","1,939,174.72","341,404.00","5.68","United States","NASDAQ","USD","1.00","USD","-"
"WATT","ENERGOUS CORP","Industrials","Equity","1,941,640.81","0.00","1,941,640.81","136,447.00","14.23","United States","NASDAQ","USD","1.00","USD","-"
"INV","INNVENTURE INC","Financials","Equity","1,942,196.93","0.00","1,942,196.93","1,465,809.00","1.33","United States","NASDAQ","USD","1.00","USD","-"
"RBKB","RHINEBECK BANCORP INC","Financials","Equity","1,930,380.66","0.00","1,930,380.66","151,047.00","12.78","United States","NASDAQ","USD","1.00","USD","-"
"VENU","VENU HOLDING CORP","Consumer Discretionary","Equity","1,901,226.90","0.00","1,901,226.90","1,022,165.00","1.86","United States","Nyse Mkt Llc","USD","1.00","USD","-"
"BRCC","BRC INC CLASS A","Consumer Staples","Equity","1,867,824.35","0.00","1,867,824.35","2,273,122.00","0.82","United States","NYSE","USD","1.00","USD","-"
"CURV","TORRID HOLDINGS INC","Consumer Discretionary","Equity","1,832,557.68","0.00","1,832,557.68","864,414.00","2.12","United States","NYSE","USD","1.00","USD","-"
"TCX","TUCOWS INC","Information Technology","Equity","1,795,180.86","0.00","1,795,180.86","175,482.00","10.23","United States","NASDAQ","USD","1.00","USD","-"
"THRY","THRYV HOLDINGS INC","Information Technology","Equity","1,747,490.47","0.00","1,747,490.47","887,051.00","1.97","United States","NASDAQ","USD","1.00","USD","-"
"RDNW","RIDENOW GROUP INC CLASS B","Consumer Discretionary","Equity","1,737,575.68","0.00","1,737,575.68","277,568.00","6.26","United States","NASDAQ","USD","1.00","USD","-"
"NPWR","NET POWER CLASS A","Industrials","Equity","1,727,756.25","0.00","1,727,756.25","1,047,125.00","1.65","United States","NYSE","USD","1.00","USD","-"
"PAMT","PAMT CORP","Industrials","Equity","1,691,406.08","0.00","1,691,406.08","142,976.00","11.83","United States","NASDAQ","USD","1.00","USD","-"
"HQI","HIREQUEST INC","Industrials","Equity","1,673,036.64","0.00","1,673,036.64","100,062.00","16.72","United States","NASDAQ","USD","1.00","USD","-"
"ARTV","ARTIVA BIOTHERAPEUTICS INC","Health Care","Equity","1,623,730.24","0.00","1,623,730.24","139,018.00","11.68","United States","NASDAQ","USD","1.00","USD","-"
"OPTX","SYNTEC OPTICS HOLDINGS INC CLASS A","Information Technology","Equity","1,577,754.88","0.00","1,577,754.88","189,634.00","8.32","United States","NASDAQ","USD","1.00","USD","-"
"INH","INHIBRX INC CVR","Health Care","Equity","1,525,317.12","0.00","1,525,317.12","794,436.00","1.92","United States","NO MARKET (E.G. UNLISTED)","USD","1.00","USD","-"
"HYPR","HYPERFINE CLASS A","Health Care","Equity","1,493,686.34","0.00","1,493,686.34","1,667,619.00","0.90","United States","NASDAQ","USD","1.00","USD","-"
"AIRS","AIRSCULPT TECHNOLOGIES INC","Health Care","Equity","1,467,546.08","0.00","1,467,546.08","544,544.00","2.69","United States","NASDAQ","USD","1.00","USD","-"
"INSG","INSEEGO","Information Technology","Equity","1,431,653.88","0.00","1,431,653.88","330,636.00","4.33","United States","NASDAQ","USD","1.00","USD","-"
"VHI","VALHI INC","Materials","Equity","1,426,763.52","0.00","1,426,763.52","85,743.00","16.64","United States","NYSE","USD","1.00","USD","-"
"RDZN","ROADZEN INC","Information Technology","Equity","1,393,301.14","0.00","1,393,301.14","904,741.00","1.54","United States","NASDAQ","USD","1.00","USD","-"
"BZAI","BLAIZE HOLDINGS INC","Information Technology","Equity","1,387,501.55","0.00","1,387,501.55","2,485,671.00","0.56","United States","NASDAQ","USD","1.00","USD","-"
"PLBY","PLAYBOY INC","Consumer Discretionary","Equity","1,363,678.80","0.00","1,363,678.80","1,155,660.00","1.18","United States","NASDAQ","USD","1.00","USD","-"
"MKTW","MARKETWISE INC CLASS A","Financials","Equity","1,364,262.32","0.00","1,364,262.32","70,034.00","19.48","United States","NASDAQ","USD","1.00","USD","-"
"SBC","SBC MEDICAL GROUP HOLDINGS INC","Health Care","Equity","1,348,066.80","0.00","1,348,066.80","374,463.00","3.60","United States","NASDAQ","USD","1.00","USD","-"
"OPAL","OPAL FUELS CLASS A","Energy","Equity","1,324,458.66","0.00","1,324,458.66","596,603.00","2.22","United States","NASDAQ","USD","1.00","USD","-"
"IDN","INTELLICHECK INC","Information Technology","Equity","1,262,790.54","0.00","1,262,790.54","425,182.00","2.97","United States","NASDAQ","USD","1.00","USD","-"
"NL","NLI HOLDINGS INC","Industrials","Equity","1,208,070.50","0.00","1,208,070.50","185,857.00","6.50","United States","NYSE","USD","1.00","USD","-"
"CIX","COMPX INTERNATIONAL INC CLASS A","Industrials","Equity","1,200,080.31","0.00","1,200,080.31","38,951.00","30.81","United States","Nyse Mkt Llc","USD","1.00","USD","-"
"PPHC","PUBLIC POLICY HOLDING INC","Industrials","Equity","1,184,276.48","0.00","1,184,276.48","115,652.00","10.24","United States","NASDAQ","USD","1.00","USD","-"
"TCI","TRANSCONTINENTAL REALTY INVESTORS","Real Estate","Equity","1,159,820.88","0.00","1,159,820.88","32,289.00","35.92","United States","NYSE","USD","1.00","USD","-"
"CNTX","CONTEXT THERAPEUTICS INC","Health Care","Equity","1,143,394.81","0.00","1,143,394.81","2,302,910.00","0.50","United States","NASDAQ","USD","1.00","USD","-"
"TOYO","TOYO LTD","Information Technology","Equity","1,141,105.68","0.00","1,141,105.68","199,494.00","5.72","Japan","NASDAQ","USD","1.00","USD","-"
"AKE","AKERO THERAPEUTICS CVR","Health Care","Equity","1,125,266.35","0.00","1,125,266.35","1,731,179.00","0.65","United States","NASDAQ","USD","1.00","USD","-"
"HRTX","HERON THERAPEUTICS INC","Health Care","Equity","1,096,051.12","0.00","1,096,051.12","3,642,576.00","0.30","United States","NASDAQ","USD","1.00","USD","-"
"TENX","TENAX THERAPEUTICS INC","Health Care","Equity","1,100,013.90","0.00","1,100,013.90","647,067.00","1.70","United States","NASDAQ","USD","1.00","USD","-"
"TYGO","TIGO ENERGY","Industrials","Equity","1,073,479.00","0.00","1,073,479.00","933,460.00","1.15","United States","NASDAQ","USD","1.00","USD","-"
"CHCI","COMSTOCK HOLDING COMPANIES INC CLA","Real Estate","Equity","1,039,036.84","0.00","1,039,036.84","54,514.00","19.06","United States","NASDAQ","USD","1.00","USD","-"
"SBMT","SILVER BOW MINING CORP","Materials","Equity","1,013,789.40","0.00","1,013,789.40","129,973.00","7.80","United States","Nyse Mkt Llc","USD","1.00","USD","-"
"CVRX","CVRX","Health Care","Equity","1,010,311.50","0.00","1,010,311.50","367,386.00","2.75","United States","NASDAQ","USD","1.00","USD","-"
"VALU","VALUE LINE INC","Financials","Equity","991,074.73","0.00","991,074.73","27,847.00","35.59","United States","NASDAQ","USD","1.00","USD","-"
"ELTX","ELICIO THERAPEUTICS INC","Health Care","Equity","979,957.89","0.00","979,957.89","315,099.00","3.11","United States","NASDAQ","USD","1.00","USD","-"
"RENT","RENT THE RUNWAY CLASS A","Consumer Discretionary","Equity","942,489.12","0.00","942,489.12","250,662.00","3.76","United States","NASDAQ","USD","1.00","USD","-"
"KPTI","KARYOPHARM THERAPEUTICS","Health Care","Equity","935,490.30","0.00","935,490.30","484,710.00","1.93","United States","NASDAQ","USD","1.00","USD","-"
"VATE","INNOVATE CORP","Industrials","Equity","936,511.20","0.00","936,511.20","122,580.00","7.64","United States","NYSE","USD","1.00","USD","-"
"CNTB","CONNECT BIOPHARMA HOLDINGS LTD","Health Care","Equity","922,583.52","0.00","922,583.52","379,664.00","2.43","United States","NASDAQ","USD","1.00","USD","-"
"LEE","LEE ENTERPRISES INC","Communication","Equity","912,918.30","0.00","912,918.30","113,406.00","8.05","United States","NASDAQ","USD","1.00","USD","-"
"NAUT","NAUTILUS BIOTECHNOLGY","Health Care","Equity","903,449.74","0.00","903,449.74","1,060,636.00","0.85","United States","NASDAQ","USD","1.00","USD","-"
"ARMP","ARMATA PHARMACEUTICALS","Health Care","Equity","888,306.24","0.00","888,306.24","194,804.00","4.56","United States","Nyse Mkt Llc","USD","1.00","USD","-"
"FGBI","FIRST GUARANTY BANCSHARES INC","Financials","Equity","864,582.70","0.00","864,582.70","95,534.00","9.05","United States","NASDAQ","USD","1.00","USD","-"
"USGO","US GOLDMINING INC","Materials","Equity","841,654.40","0.00","841,654.40","96,520.00","8.72","United States","NASDAQ","USD","1.00","USD","-"
"AFRI","FORAFRIC GLOBAL PLC","Consumer Staples","Equity","770,920.50","0.00","770,920.50","73,421.00","10.50","Gibraltar","NASDAQ","USD","1.00","USD","-"
"LVWR","LIVEWIRE GROUP","Consumer Discretionary","Equity","644,559.44","0.00","644,559.44","519,806.00","1.24","United States","NYSE","USD","1.00","USD","-"
"UP","WHEELS UP EXPERIENCE CLASS A","Industrials","Equity","603,624.42","0.00","603,624.42","124,974.00","4.83","United States","NYSE","USD","1.00","USD","-"
"METCB","RAMACO RESOURCES CLASS B","Materials","Equity","543,713.04","0.00","543,713.04","88,842.00","6.12","United States","NASDAQ","USD","1.00","USD","-"
"FLYX","FLYEXCLUSIVE INC CLASS A","Industrials","Equity","465,467.52","0.00","465,467.52","394,464.00","1.18","United States","Nyse Mkt Llc","USD","1.00","USD","-"
"ARL","AMERICAN REALTY INVESTORS INC","Real Estate","Equity","432,971.49","0.00","432,971.49","29,039.00","14.91","United States","NYSE","USD","1.00","USD","-"
"ADRO","CHINOOK THERAPEUTICS INC","Health Care","Equity","223,817.75","0.00","223,817.75","1,316,575.00","0.17","United States","NO MARKET (E.G. UNLISTED)","USD","1.00","USD","-"
"ADRO","CHINOOK THERAPEUTICS INC CVR","Health Care","Equity","138,892.89","0.00","138,892.89","272,339.00","0.51","United States","NO MARKET (E.G. UNLISTED)","USD","1.00","USD","-"
"-","ARCELLX INC CVR","Health Care","Equity","65,585.87","0.00","65,585.87","936,941.00","0.07","United States","NO MARKET (E.G. UNLISTED)","USD","1.00","USD","-"
"CAD","CAD CASH","Cash and/or Derivatives","Cash","0.01","0.00","0.01","0.00","72.01","Canada","-","USD","1.39","CAD","-"
"CGI","CASH COLLATERAL USD C","Cash and/or Derivatives","Cash Collateral and Margins","10.02","0.00","10.02","10.00","100.00","United States","-","USD","1.00","USD","Dec 18, 2013"
"PDLI","PDL BIOPHARMA INC","Health Care","Equity","0.12","0.00","0.12","11,853.00","0.00","United States","NASDAQ","USD","1.00","USD","-"
"GTXI","GTXI INC - CVR","Health Care","Equity","0.13","0.00","0.13","13,273.00","0.00","United States","NASDAQ","USD","1.00","USD","-"
"P5N994","Petrocorp Inc Escrow","Energy","Equity","0.26","0.00","0.26","26,106.00","0.00","United States","Non-Nms Quotation Service (Nnqs)","USD","1.00","USD","-"
"SBT","STERLING BANCORP INC","Financials","Equity","5.81","0.00","5.81","580,763.00","0.00","United States","NASDAQ","USD","1.00","USD","-"
"THRD","THIRD HARMONIC BIO INC","Health Care","Equity","6.03","0.00","6.03","603,448.00","0.00","United States","NASDAQ","USD","1.00","USD","-"
"TSEOQ","TRINSEO PLC","Materials","Equity","1,528.29","0.00","1,528.29","764,143.00","0.00","United States","Non-Nms Quotation Service (Nnqs)","USD","1.00","USD","-"
"-","OMNIAB INC $12.50 VESTING Prvt","Health Care","Equity","1.31","0.00","1.31","130,676.00","0.00","United States","NO MARKET (E.G. UNLISTED)","USD","1.00","USD","-"
"-","OMNIAB INC $15.00 VESTING Prvt","Health Care","Equity","1.31","0.00","1.31","130,676.00","0.00","United States","NO MARKET (E.G. UNLISTED)","USD","1.00","USD","-"
"RTYU6","RUSSELL 2000 EMINI CME SEP 26","Cash and/or Derivatives","Futures","0.00","0.00","290,383,080.00","1,919.00","3,026.40","-","Chicago Mercantile Exchange","USD","1.00","USD","-"
